59,0.305192,0.550678,0.685444,0.362536,-0.138485,0.245486,0.380252,0.0573438,-0.443677,0.134766,-0.188142,-0.689163,-0.322908,-0.823929,-0.501021,12,1,
59,0.285097,0.47166,0.585562,0.385481,-0.0116927,0.186563,0.300465,0.100384,-0.29679,0.113902,-0.0861795,-0.483353,-0.200081,-0.597255,-0.397174,13,1,
61,0.29147,0.50109,0.61743,0.28401,-0.21513,0.20962,0.32596,-0.0074559,-0.5066,0.11634,-0.21708,-0.71622,-0.33342,-0.83256,-0.49914,6,1,
62,0.284688,0.480577,0.591342,0.31259,-0.137244,0.195889,0.306654,0.0279018,-0.421932,0.110765,-0.167987,-0.617821,-0.278752,-0.728586,-0.449834,1,1,
63,0.269419,0.493966,0.626451,0.349176,-0.120326,0.224547,0.357032,0.0797568,-0.389745,0.132485,-0.14479,-0.614292,-0.277275,-0.746777,-0.469501,2,1,
63,0.314126,0.628777,0.782183,0.452586,-0.0908828,0.314651,0.468057,0.13846,-0.405009,0.153406,-0.176191,-0.71966,-0.329597,-0.873066,-0.543469,4,1,
63,0.249908,0.429089,0.55514,0.333336,-0.0548534,0.179181,0.305233,0.0834287,-0.304761,0.126052,-0.0957524,-0.483942,-0.221804,-0.609994,-0.38819,6,1,
64,0.250785,0.404484,0.514008,0.327402,-0.0278897,0.153699,0.263222,0.0766161,-0.278675,0.109524,-0.0770825,-0.432374,-0.186606,-0.541897,-0.355291,7,1,
64,0.300865,0.552967,0.696898,0.423622,-0.0359435,0.252102,0.396033,0.122756,-0.336809,0.143931,-0.129346,-0.588911,-0.273276,-0.732841,-0.459565,10,1,
88,0.287139,0.675876,0.851166,0.418288,-0.0892394,0.388737,0.564027,0.131149,-0.376378,0.17529,-0.257589,-0.765116,-0.432879,-0.940406,-0.507527,5,1,
162,0.326575,0.616178,0.759462,0.447966,-0.019865,0.289603,0.432887,0.121391,-0.34644,0.143284,-0.168212,-0.636043,-0.311496,-0.779327,-0.467831,6,1,
162,0.273989,0.444723,0.546478,0.233417,-0.193696,0.170734,0.272489,-0.0405726,-0.467685,0.101755,-0.211307,-0.638419,-0.313062,-0.740174,-0.427112,7,1,
162,0.285086,0.495998,0.624512,0.388241,-0.00460135,0.210913,0.339427,0.103156,-0.289687,0.128514,-0.107757,-0.5006,-0.236271,-0.629114,-0.392842,14,1,
212,0.255974,0.413971,0.517561,0.355844,0.0135549,0.157997,0.261587,0.0998697,-0.242419,0.10359,-0.0581276,-0.400417,-0.161717,-0.504006,-0.342289,4,1,
213,0.26839,0.446397,0.56808,0.313324,-0.115182,0.178007,0.29969,0.0449346,-0.383572,0.121683,-0.133073,-0.561579,-0.254756,-0.683262,-0.428507,1,1,
219,0.315827,0.598229,0.73515,0.407507,-0.0702813,0.282403,0.419323,0.0916797,-0.386108,0.13692,-0.190723,-0.668511,-0.327643,-0.805431,-0.477788,3,1,
345,0.282966,0.539962,0.673016,0.385188,-0.0422355,0.256996,0.390049,0.102222,-0.325202,0.133054,-0.154774,-0.582197,-0.287828,-0.715251,-0.427423,1,1,
348,0.276811,0.554826,0.700581,0.421684,-0.0347413,0.278015,0.42377,0.144873,-0.311552,0.145756,-0.133142,-0.589567,-0.278897,-0.735322,-0.456425,4,1,
351,0.245599,0.434852,0.549038,0.315404,-0.0889499,0.189253,0.303439,0.0698048,-0.334549,0.114186,-0.119448,-0.523802,-0.233634,-0.637988,-0.404354,5,1,
351,0.30884,0.576437,0.7094,0.409316,-0.0717372,0.267597,0.40056,0.100476,-0.380578,0.132963,-0.167121,-0.648174,-0.300084,-0.781137,-0.481053,8,1,
909,0.329152,0.626578,0.774694,0.467437,-0.0745977,0.297426,0.445542,0.138285,-0.403749,0.148116,-0.159141,-0.701175,-0.307257,-0.849291,-0.542035,2,1,
909,0.269978,0.474004,0.589869,0.333092,-0.117106,0.204026,0.319891,0.0631143,-0.387084,0.115865,-0.140912,-0.591111,-0.256777,-0.706976,-0.450199,10,1,
921,0.281628,0.485216,0.621002,0.419744,0.00758389,0.203588,0.339374,0.138116,-0.274044,0.135786,-0.0654716,-0.477632,-0.201257,-0.613418,-0.412161,6,1,
921,0.324404,0.58739,0.715667,0.38887,-0.12101,0.262985,0.391263,0.0644656,-0.445415,0.128277,-0.19852,-0.7084,-0.326797,-0.836678,-0.50988,8,1,
58,-0.1854,-0.64845,-1.1092,-1.7078,-2.3017,-0.46305,-0.92383,-1.5224,-2.1163,-0.46078,-1.0593,-1.6532,-0.59856,-1.1924,-0.59388,8,2,
59,-0.207949,-0.688443,-1.13822,-1.71793,-2.31148,-0.480494,-0.930268,-1.50998,-2.10353,-0.449774,-1.02948,-1.62304,-0.579709,-1.17326,-0.593556,8,2,
60,-0.23088,-0.70765,-1.1682,-1.7566,-2.3559,-0.47677,-0.93736,-1.5257,-2.125,-0.46059,-1.0489,-1.6483,-0.58832,-1.1877,-0.59934,9,2,
61,-0.24937,-0.7388,-1.2105,-1.8038,-2.4068,-0.48942,-0.96116,-1.5544,-2.1574,-0.47173,-1.065,-1.668,-0.59329,-1.1963,-0.60299,2,2,
62,-0.201236,-0.671484,-1.13108,-1.7363,-2.33968,-0.470248,-0.929846,-1.53506,-2.13845,-0.459598,-1.06482,-1.6682,-0.605218,-1.2086,-0.603383,2,2,
63,-0.241927,-0.7185,-1.17721,-1.76145,-2.37555,-0.476573,-0.935281,-1.51953,-2.13362,-0.458708,-1.04295,-1.65705,-0.584246,-1.19834,-0.614094,10,2,
64,-0.195705,-0.654265,-1.07477,-1.63262,-2.21685,-0.45856,-0.879067,-1.43691,-2.02115,-0.420507,-0.978352,-1.56259,-0.557845,-1.14208,-0.584237,2,2,
88,-0.216201,-0.695392,-1.12673,-1.7056,-2.29158,-0.479191,-0.910525,-1.4894,-2.07538,-0.431335,-1.01021,-1.59619,-0.578875,-1.16485,-0.585979,1,2,
89,-0.2382,-0.72341,-1.1743,-1.7628,-2.361,-0.4852,-0.93614,-1.5246,-2.1228,-0.45094,-1.0394,-1.6376,-0.58847,-1.1866,-0.59817,3,2,
162,-0.243576,-0.727347,-1.14945,-1.74168,-2.30719,-0.483771,-0.905877,-1.49811,-2.06361,-0.422106,-1.01434,-1.57984,-0.592231,-1.15774,-0.565505,11,2,
163,-0.24332,-0.72934,-1.1462,-1.7388,-2.3139,-0.48601,-0.90287,-1.4955,-2.0706,-0.41685,-1.0095,-1.5846,-0.5926,-1.1677,-0.57511,8,2,
212,-0.245738,-0.733537,-1.16154,-1.75686,-2.34537,-0.487799,-0.915801,-1.51112,-2.09963,-0.428002,-1.02332,-1.61183,-0.595316,-1.18383,-0.588513,3,2,
213,-0.278306,-0.774281,-1.23971,-1.84243,-2.43151,-0.495975,-0.961405,-1.56413,-2.15321,-0.46543,-1.06815,-1.65723,-0.60272,-1.1918,-0.589081,3,2,
214,-0.26334,-0.7668,-1.2112,-1.8235,-2.4359,-0.50346,-0.94787,-1.5602,-2.1726,-0.44441,-1.0567,-1.6691,-0.61228,-1.2247,-0.61242,6,2,
219,-0.23635,-0.738018,-1.18915,-1.81428,-2.4354,-0.501667,-0.952801,-1.57793,-2.19905,-0.451134,-1.07626,-1.69738,-0.625127,-1.24625,-0.621119,11,2,
221,-0.261184,-0.734452,-1.1408,-1.72154,-2.30504,-0.473269,-0.879619,-1.46036,-2.04385,-0.406351,-0.987092,-1.57058,-0.580741,-1.16423,-0.583492,2,2,
292,-0.22422,-0.68662,-1.0763,-1.6478,-2.2249,-0.4624,-0.85207,-1.4236,-2.0006,-0.38966,-0.9612,-1.5382,-0.57154,-1.1486,-0.57703,3,2,
294,-0.24642,-0.73182,-1.147,-1.7131,-2.2872,-0.48539,-0.9006,-1.4667,-2.0407,-0.41521,-0.98127,-1.5553,-0.56606,-1.1401,-0.57407,3,2,
345,-0.244047,-0.721374,-1.12544,-1.68507,-2.25542,-0.477327,-0.881392,-1.44102,-2.01137,-0.404066,-0.963692,-1.53404,-0.559627,-1.12998,-0.570351,2,2,
348,-0.226475,-0.68098,-1.08318,-1.63957,-2.21273,-0.454505,-0.856704,-1.4131,-1.98626,-0.402199,-0.958593,-1.53175,-0.556394,-1.12956,-0.573161,5,2,
351,-0.245103,-0.698351,-1.08731,-1.63375,-2.18512,-0.453247,-0.84221,-1.38865,-1.94001,-0.388963,-0.935398,-1.48677,-0.546435,-1.0978,-0.551368,3,2,
909,-0.243275,-0.712071,-1.16035,-1.79395,-2.4182,-0.468796,-0.917078,-1.55068,-2.17493,-0.448282,-1.08188,-1.70613,-0.633602,-1.25785,-0.624246,3,2,
918,-0.262151,-0.769639,-1.23623,-1.88014,-2.53283,-0.507488,-0.974081,-1.61799,-2.27068,-0.466593,-1.1105,-1.76319,-0.643906,-1.2966,-0.652693,4,2,
918,-0.195193,-0.628279,-1.01504,-1.57348,-2.14492,-0.433087,-0.819847,-1.37829,-1.94973,-0.38676,-0.945201,-1.51664,-0.558441,-1.12988,-0.571444,7,2,
921,-0.233343,-0.744379,-1.21124,-1.84585,-2.46892,-0.511036,-0.977901,-1.61251,-2.23557,-0.466865,-1.10147,-1.72454,-0.634609,-1.25767,-0.623065,3,2,
58,0.073896,-0.11748,-0.30247,-0.80231,-1.2903,-0.19137,-0.37637,-0.8762,-1.3642,-0.185,-0.68483,-1.1729,-0.49983,-0.98786,-0.48803,6,3,
59,-0.0426233,-0.301907,-0.447412,-0.882357,-1.35512,-0.259283,-0.404789,-0.839734,-1.31249,-0.145506,-0.580451,-1.05321,-0.434945,-0.907703,-0.472758,6,3,
60,-0.023946,-0.27395,-0.42438,-0.88187,-1.3636,-0.25001,-0.40044,-0.85792,-1.3396,-0.15043,-0.60791,-1.0896,-0.45749,-0.93919,-0.48171,5,3,
61,-0.084051,-0.33539,-0.4449,-0.86192,-1.3383,-0.25134,-0.36085,-0.77787,-1.2542,-0.10951,-0.52653,-1.0029,-0.41702,-0.89337,-0.47635,3,3,
62,-0.0581779,-0.304939,-0.38732,-0.70067,-1.10514,-0.246761,-0.329142,-0.642492,-1.04696,-0.0823813,-0.395732,-0.800202,-0.31335,-0.717821,-0.40447,3,3,
62,-0.0424756,-0.295741,-0.450785,-0.909966,-1.40063,-0.253266,-0.40831,-0.86749,-1.35816,-0.155044,-0.614224,-1.10489,-0.45918,-0.949846,-0.490666,5,3,
63,-0.0952987,-0.328346,-0.37943,-0.737027,-1.18691,-0.233047,-0.284132,-0.641728,-1.09161,-0.0510841,-0.408681,-0.858566,-0.357597,-0.807482,-0.449885,14,3,
64,-0.0460831,-0.264989,-0.36884,-0.768402,-1.22956,-0.218906,-0.322757,-0.722319,-1.18347,-0.10385,-0.503413,-0.964568,-0.399562,-0.860718,-0.461155,8,3,
88,-0.00682329,-0.277924,-0.462106,-0.907505,-1.3566,-0.271101,-0.455282,-0.900681,-1.34978,-0.184182,-0.629581,-1.07868,-0.445399,-0.894495,-0.449096,4,3,
162,-0.0672377,-0.299786,-0.388146,-0.645352,-0.979099,-0.232548,-0.320908,-0.578114,-0.911861,-0.0883601,-0.345566,-0.679313,-0.257206,-0.590953,-0.333747,4,3,
162,-0.0966031,-0.384997,-0.525426,-0.918324,-1.36897,-0.288394,-0.428823,-0.821721,-1.27237,-0.14043,-0.533328,-0.983976,-0.392898,-0.843547,-0.450649,10,3,
163,-0.031971,-0.26396,-0.39939,-0.81804,-1.2843,-0.23199,-0.36741,-0.78607,-1.2523,-0.13542,-0.55408,-1.0203,-0.41866,-0.88489,-0.46623,5,3,
212,-0.143804,-0.396103,-0.430886,-0.758523,-1.17639,-0.252299,-0.287081,-0.614719,-1.03259,-0.0347827,-0.36242,-0.780291,-0.327637,-0.745508,-0.417871,5,3,
212,-0.124603,-0.42171,-0.581772,-1.01294,-1.48144,-0.297107,-0.457169,-0.88834,-1.35684,-0.160062,-0.591233,-1.05973,-0.431171,-0.899666,-0.468495,14,3,
213,-0.122145,-0.391982,-0.490454,-0.914305,-1.38162,-0.269838,-0.36831,-0.792161,-1.25947,-0.0984719,-0.522323,-0.989637,-0.423851,-0.891165,-0.467314,6,3,
214,-0.019073,-0.2277,-0.3473,-0.81383,-1.3147,-0.20863,-0.32823,-0.79476,-1.2956,-0.1196,-0.58612,-1.087,-0.46652,-0.9674,-0.50088,3,3,
219,-0.00550426,-0.209565,-0.293741,-0.709146,-1.17745,-0.20406,-0.288236,-0.703642,-1.17195,-0.084176,-0.499582,-0.967888,-0.415406,-0.883712,-0.468306,4,3,
221,-0.166008,-0.45318,-0.535166,-0.914246,-1.35615,-0.287172,-0.369158,-0.748238,-1.19014,-0.0819857,-0.461066,-0.902966,-0.37908,-0.82098,-0.4419,1,3,
221,0.0305084,-0.104038,-0.153315,-0.585063,-1.08163,-0.134546,-0.183823,-0.615571,-1.11214,-0.0492767,-0.481025,-0.977594,-0.431748,-0.928317,-0.496569,10,3,
292,-0.0060882,-0.21656,-0.32866,-0.76413,-1.245,-0.21047,-0.32257,-0.75804,-1.2389,-0.1121,-0.54758,-1.0285,-0.43547,-0.91637,-0.4809,7,3,
294,-0.080597,-0.32964,-0.45647,-0.86422,-1.3086,-0.24905,-0.37587,-0.78362,-1.228,-0.12683,-0.53457,-0.97897,-0.40775,-0.85214,-0.44439,5,3,
345,-0.0300708,-0.223961,-0.276269,-0.620122,-1.03463,-0.19389,-0.246198,-0.590052,-1.00456,-0.0523079,-0.396162,-0.810674,-0.343854,-0.758366,-0.414512,3,3,
345,-0.0640148,-0.351008,-0.548401,-0.985175,-1.4428,-0.286993,-0.484386,-0.921161,-1.37878,-0.197393,-0.634168,-1.09179,-0.436775,-0.894395,-0.457621,8,3,
345,0.124701,0.0089732,-0.119029,-0.585829,-1.04592,-0.115728,-0.24373,-0.71053,-1.17063,-0.128002,-0.594802,-1.0549,-0.4668,-0.926895,-0.460095,10,3,
348,-0.0475495,-0.28801,-0.461882,-0.877219,-1.32145,-0.24046,-0.414333,-0.82967,-1.2739,-0.173872,-0.58921,-1.03344,-0.415337,-0.859567,-0.44423,8,3,
351,-0.129046,-0.390128,-0.485759,-0.742786,-1.10595,-0.261082,-0.356713,-0.61374,-0.976906,-0.0956313,-0.352658,-0.715824,-0.257027,-0.620193,-0.363167,9,3,
351,-0.10785,-0.342325,-0.417369,-0.782715,-1.24765,-0.234475,-0.309519,-0.674865,-1.1398,-0.0750442,-0.44039,-0.905327,-0.365345,-0.830283,-0.464937,15,3,
909,-0.0907653,-0.366218,-0.521837,-0.947334,-1.44995,-0.275453,-0.431072,-0.856568,-1.35918,-0.155619,-0.581115,-1.08373,-0.425496,-0.928109,-0.502613,4,3,
909,0.0697808,-0.0348713,-0.0890917,-0.54445,-1.0613,-0.104652,-0.158873,-0.61423,-1.13108,-0.0542205,-0.509578,-1.02643,-0.455358,-0.972212,-0.516854,9,3,
909,-0.0886931,-0.319832,-0.369584,-0.681585,-1.12536,-0.231139,-0.28089,-0.592892,-1.03667,-0.0497516,-0.361753,-0.805527,-0.312001,-0.755776,-0.443775,11,3,
918,-0.0464265,-0.267017,-0.376238,-0.80131,-1.2766,-0.22059,-0.329812,-0.754884,-1.23018,-0.109221,-0.534293,-1.00959,-0.425072,-0.900365,-0.475293,9,3,
921,-0.0495181,-0.30318,-0.426689,-0.838809,-1.3204,-0.253662,-0.377171,-0.789291,-1.27088,-0.12351,-0.535629,-1.01722,-0.41212,-0.893708,-0.481588,12,3,
58,0.31657,0.59941,0.7133,0.3019,-0.21398,0.28283,0.39672,-0.014676,-0.53056,0.11389,-0.29751,-0.81339,-0.4114,-0.92728,-0.51588,1,4,
59,0.283568,0.431438,0.463828,0.00726846,-0.513059,0.14787,0.18026,-0.276299,-0.796627,0.0323904,-0.424169,-0.944497,-0.45656,-0.976887,-0.520328,9,4,
60,0.31421,0.58735,0.65622,0.18039,-0.33206,0.27314,0.342,-0.13382,-0.64627,0.06887,-0.40696,-0.9194,-0.47583,-0.98827,-0.51245,7,4,
61,0.22047,0.29634,0.33858,-0.045587,-0.53457,0.075861,0.1181,-0.26606,-0.75504,0.042239,-0.34192,-0.8309,-0.38416,-0.87314,-0.48898,5,4,
62,0.29783,0.530917,0.62484,0.263761,-0.313997,0.233087,0.32701,-0.0340688,-0.611827,0.0939224,-0.267156,-0.844914,-0.361079,-0.938837,-0.577758,12,4,
62,0.22058,0.307698,0.360871,0.0269574,-0.471515,0.0871181,0.140291,-0.193622,-0.692095,0.0531725,-0.280741,-0.779213,-0.333913,-0.832386,-0.498473,14,4,
63,0.250282,0.448215,0.545085,0.161057,-0.389108,0.197933,0.294803,-0.0892254,-0.639391,0.0968696,-0.287158,-0.837324,-0.384028,-0.934193,-0.550165,11,4,
64,0.172086,0.219023,0.273137,-0.0594116,-0.525469,0.0469373,0.101051,-0.231498,-0.697555,0.0541136,-0.278435,-0.744492,-0.332548,-0.798605,-0.466057,1,4,
64,0.28656,0.51033,0.595492,0.203467,-0.305776,0.22377,0.308932,-0.0830928,-0.592336,0.085162,-0.306863,-0.816106,-0.392025,-0.901268,-0.509243,12,4,
88,0.292015,0.506915,0.545526,0.10048,-0.356693,0.2149,0.253512,-0.191534,-0.648708,0.0386112,-0.406435,-0.863609,-0.445046,-0.90222,-0.457174,3,4,
89,0.28177,0.47075,0.53058,0.1172,-0.39104,0.18899,0.24881,-0.16456,-0.6728,0.059826,-0.35355,-0.86179,-0.41338,-0.92162,-0.50824,1,4,
162,0.279189,0.458134,0.51202,0.118011,-0.384525,0.178945,0.232831,-0.161178,-0.663713,0.0538864,-0.340123,-0.842659,-0.394009,-0.896545,-0.502536,9,4,
163,0.25473,0.40193,0.46294,0.10067,-0.39068,0.1472,0.20821,-0.15406,-0.64541,0.06101,-0.30126,-0.7926,-0.36226,-0.85361,-0.49135,3,4,
212,0.290439,0.482823,0.541332,0.126021,-0.370487,0.192384,0.250894,-0.164418,-0.660926,0.05851,-0.356801,-0.85331,-0.415311,-0.91182,-0.496508,8,4,
213,0.282947,0.51689,0.637687,0.275986,-0.246016,0.233943,0.354739,-0.00696125,-0.528963,0.120796,-0.240904,-0.762906,-0.361701,-0.883702,-0.522001,10,4,
214,0.30977,0.57992,0.68789,0.27051,-0.26335,0.27015,0.37812,-0.039258,-0.57312,0.10797,-0.30941,-0.84328,-0.41738,-0.95124,-0.53387,2,4,
219,0.199449,0.274566,0.318436,-0.0293221,-0.477269,0.0751166,0.118987,-0.228771,-0.676718,0.0438704,-0.303888,-0.751834,-0.347758,-0.795705,-0.447947,7,4,
219,0.295224,0.484347,0.515112,0.0543354,-0.438636,0.189124,0.219889,-0.240888,-0.733859,0.0307651,-0.430012,-0.922983,-0.460777,-0.953748,-0.492971,9,4,
221,0.27267,0.477912,0.585619,0.249737,-0.242438,0.205242,0.312948,-0.0229336,-0.515108,0.107707,-0.228175,-0.72035,-0.335882,-0.828056,-0.492174,7,4,
292,0.26991,0.48588,0.58268,0.22197,-0.2688,0.21596,0.31276,-0.047945,-0.53871,0.096802,-0.26391,-0.75468,-0.36071,-0.85148,-0.49077,8,4,
345,0.266771,0.482991,0.501686,0.0626626,-0.418357,0.21622,0.234915,-0.204109,-0.685128,0.0186951,-0.420329,-0.901348,-0.439024,-0.920043,-0.48102,11,4,
348,0.264409,0.494811,0.5545,0.151381,-0.316825,0.230402,0.290091,-0.113028,-0.581234,0.0596893,-0.34343,-0.811636,-0.403119,-0.871325,-0.468206,6,4,
351,0.290629,0.546755,0.608346,0.149759,-0.405063,0.256126,0.317717,-0.140871,-0.695692,0.061591,-0.396996,-0.951818,-0.458587,-1.01341,-0.554822,10,4,
351,0.209178,0.305539,0.333842,-0.0281067,-0.539653,0.0963606,0.124664,-0.237285,-0.748831,0.0283037,-0.333645,-0.845191,-0.361949,-0.873495,-0.511546,16,4,
351,0.225119,0.378081,0.459164,0.159774,-0.314165,0.152962,0.234045,-0.0653447,-0.539284,0.0810835,-0.218306,-0.692245,-0.29939,-0.773329,-0.473939,19,4,
909,0.316184,0.568124,0.655703,0.255734,-0.309516,0.25194,0.339519,-0.0604507,-0.625701,0.087579,-0.312391,-0.877641,-0.39997,-0.96522,-0.56525,6,4,
909,0.252105,0.440637,0.53234,0.224168,-0.30784,0.188532,0.280235,-0.0279369,-0.559945,0.0917032,-0.216469,-0.748476,-0.308172,-0.84018,-0.532008,15,4,
918,0.289043,0.537283,0.646392,0.261663,-0.249955,0.248241,0.35735,-0.02738,-0.538997,0.109109,-0.275621,-0.787238,-0.38473,-0.896347,-0.511617,1,4,
921,0.31278,0.495283,0.494721,0.0104587,-0.507905,0.182503,0.181941,-0.302321,-0.820685,-0.000562333,-0.484825,-1.00319,-0.484262,-1.00263,-0.518363,2,4,
58,-0.053956,-0.39912,-0.74876,-1.2699,-1.7856,-0.34516,-0.69481,-1.216,-1.7317,-0.34965,-0.8708,-1.3865,-0.52115,-1.0369,-0.51571,3,5,
59,-0.0905029,-0.442537,-0.76328,-1.28171,-1.81432,-0.352034,-0.672777,-1.19121,-1.72382,-0.320743,-0.839177,-1.37179,-0.518434,-1.05104,-0.532611,2,5,
60,-0.1271,-0.50535,-0.84535,-1.353,-1.8713,-0.37825,-0.71825,-1.2259,-1.7442,-0.34,-0.84764,-1.3659,-0.50764,-1.0259,-0.51831,3,5,
61,-0.1323,-0.49026,-0.80805,-1.3115,-1.8295,-0.35795,-0.67575,-1.1792,-1.6972,-0.31779,-0.82126,-1.3393,-0.50346,-1.0215,-0.51802,9,5,
62,-0.115771,-0.482842,-0.827057,-1.34231,-1.85577,-0.36707,-0.711286,-1.22654,-1.74,-0.344215,-0.859471,-1.37293,-0.515256,-1.02871,-0.513457,8,5,
63,-0.189173,-0.594051,-0.961168,-1.48656,-2.0096,-0.404878,-0.771995,-1.29739,-1.82043,-0.367117,-0.89251,-1.41555,-0.525393,-1.04844,-0.523043,3,5,
63,-0.0917018,-0.388096,-0.58436,-1.05202,-1.53892,-0.296395,-0.492658,-0.960316,-1.44722,-0.196263,-0.663922,-1.15083,-0.467658,-0.954562,-0.486904,12,5,
64,-0.0882536,-0.419553,-0.722558,-1.20528,-1.70338,-0.331299,-0.634304,-1.11703,-1.61512,-0.303005,-0.785726,-1.28382,-0.482721,-0.98082,-0.498098,13,5,
88,-0.10224,-0.487537,-0.835505,-1.3368,-1.83925,-0.385297,-0.733265,-1.23456,-1.73701,-0.347968,-0.849259,-1.35171,-0.501291,-1.00374,-0.502452,8,5,
89,-0.069483,-0.38057,-0.62939,-1.1191,-1.6185,-0.31108,-0.55991,-1.0496,-1.549,-0.24883,-0.73851,-1.238,-0.48969,-0.98912,-0.49944,7,5,
162,-0.131927,-0.516007,-0.84949,-1.37188,-1.89562,-0.38408,-0.717563,-1.23995,-1.76369,-0.333482,-0.855874,-1.37961,-0.522392,-1.04613,-0.523737,3,5,
163,-0.12805,-0.50388,-0.83067,-1.337,-1.8577,-0.37584,-0.70262,-1.2089,-1.7296,-0.32679,-0.83311,-1.3538,-0.50632,-1.027,-0.52067,1,5,
212,-0.173138,-0.562828,-0.89073,-1.37996,-1.88558,-0.389689,-0.717591,-1.20682,-1.71244,-0.327902,-0.817131,-1.32275,-0.489229,-0.994847,-0.505618,7,5,
213,-0.162221,-0.549145,-0.882366,-1.40025,-1.91819,-0.386925,-0.720146,-1.23803,-1.75597,-0.333221,-0.851102,-1.36904,-0.51788,-1.03582,-0.517941,13,5,
214,-0.14605,-0.52556,-0.85377,-1.3757,-1.9079,-0.37951,-0.70772,-1.2297,-1.7618,-0.32821,-0.85015,-1.3823,-0.52194,-1.0541,-0.53215,1,5,
219,-0.123259,-0.527301,-0.903308,-1.45425,-2.0232,-0.404042,-0.780049,-1.331,-1.89994,-0.376008,-0.926954,-1.4959,-0.550946,-1.11989,-0.568941,1,5,
219,-0.0275471,-0.310747,-0.550031,-1.04997,-1.57688,-0.2832,-0.522484,-1.02242,-1.54934,-0.239283,-0.739218,-1.26614,-0.499935,-1.02685,-0.526917,10,5,
221,-0.185786,-0.546658,-0.814979,-1.3021,-1.80438,-0.360871,-0.629192,-1.11632,-1.6186,-0.268321,-0.755447,-1.25773,-0.487126,-0.989405,-0.502279,5,5,
292,-0.12123,-0.47295,-0.73175,-1.2246,-1.7368,-0.35172,-0.61052,-1.1033,-1.6156,-0.2588,-0.7516,-1.2639,-0.4928,-1.0051,-0.51225,4,5,
294,-0.14973,-0.51094,-0.79732,-1.2796,-1.7745,-0.36121,-0.64759,-1.1298,-1.6248,-0.28638,-0.76863,-1.2636,-0.48225,-0.9772,-0.49495,9,5,
345,-0.131407,-0.498795,-0.816461,-1.3165,-1.82186,-0.367388,-0.685054,-1.18509,-1.69045,-0.317666,-0.817704,-1.32306,-0.500038,-1.0054,-0.505359,9,5,
348,-0.111453,-0.455665,-0.762301,-1.2491,-1.75408,-0.344213,-0.650849,-1.13764,-1.64263,-0.306636,-0.79343,-1.29842,-0.486794,-0.991783,-0.504989,2,5,
351,-0.164334,-0.510515,-0.782822,-1.22097,-1.68709,-0.346181,-0.618488,-1.05664,-1.52276,-0.272307,-0.710456,-1.17658,-0.43815,-0.904273,-0.466123,2,5,
909,-0.159052,-0.529228,-0.84599,-1.34558,-1.87781,-0.370176,-0.686939,-1.18653,-1.71876,-0.316763,-0.816354,-1.34859,-0.499592,-1.03182,-0.532232,13,5,
918,-0.130855,-0.465262,-0.713183,-1.19995,-1.69502,-0.334407,-0.582328,-1.06909,-1.56417,-0.247921,-0.734687,-1.22976,-0.486766,-0.981841,-0.495074,6,5,
921,-0.124768,-0.516608,-0.866421,-1.39083,-1.92125,-0.39184,-0.741653,-1.26606,-1.79649,-0.349813,-0.874221,-1.40465,-0.524408,-1.05483,-0.530425,9,5,
58,0.32188,0.59627,0.75122,0.67959,0.3683,0.27438,0.42934,0.35771,0.046414,0.15496,0.083323,-0.22797,-0.071633,-0.38292,-0.31129,9,6,
59,0.332529,0.595103,0.724738,0.65053,0.343388,0.262574,0.392209,0.318001,0.0108592,0.129635,0.0554272,-0.251714,-0.0742078,-0.381349,-0.307142,10,6,
60,0.32617,0.61287,0.77961,0.71886,0.37972,0.2867,0.45344,0.3927,0.053551,0.16674,0.106,-0.23315,-0.060744,-0.39989,-0.33915,4,6,
61,0.30171,0.53982,0.68944,0.58364,0.22642,0.2381,0.38773,0.28193,-0.075292,0.14963,0.043825,-0.31339,-0.1058,-0.46302,-0.35722,1,6,
62,0.333624,0.605407,0.765104,0.678867,0.366101,0.271783,0.43148,0.345243,0.0324776,0.159697,0.0734601,-0.239306,-0.0862369,-0.399003,-0.312766,10,6,
63,0.299127,0.534495,0.680186,0.569895,0.237239,0.235368,0.381059,0.270769,-0.0618873,0.145691,0.0354004,-0.297256,-0.11029,-0.442946,-0.332656,15,6,
64,0.297789,0.511985,0.648377,0.555511,0.262751,0.214196,0.350588,0.257723,-0.0350379,0.136393,0.0435268,-0.249234,-0.0928657,-0.385626,-0.292761,9,6,
88,0.295866,0.535468,0.690912,0.561691,0.211943,0.239602,0.395045,0.265824,-0.0839237,0.155444,0.0262227,-0.323525,-0.129221,-0.478969,-0.349748,7,6,
89,0.31574,0.58666,0.76365,0.67486,0.34067,0.27092,0.44792,0.35912,0.024928,0.177,0.088204,-0.24599,-0.088794,-0.42299,-0.33419,2,6,
162,0.316961,0.55778,0.70999,0.579788,0.262868,0.240819,0.393029,0.262827,-0.0540931,0.152209,0.0220075,-0.294912,-0.130202,-0.447122,-0.31692,1,6,
163,0.32443,0.58118,0.74413,0.60892,0.26543,0.25676,0.4197,0.2845,-0.059,0.16294,0.027737,-0.31576,-0.13521,-0.4787,-0.3435,4,6,
212,0.316574,0.536933,0.647346,0.584133,0.304017,0.220359,0.330772,0.267559,-0.0125575,0.110413,0.0472001,-0.232917,-0.063213,-0.34333,-0.280117,9,6,
212,0.341421,0.613041,0.766415,0.629947,0.260093,0.27162,0.424994,0.288526,-0.0813278,0.153374,0.0169063,-0.352948,-0.136468,-0.506322,-0.369854,10,6,
213,0.329331,0.58879,0.735704,0.629179,0.28728,0.259459,0.406374,0.299848,-0.042051,0.146914,0.0403891,-0.30151,-0.106525,-0.448425,-0.341899,4,6,
214,0.29394,0.54673,0.70925,0.5642,0.19486,0.25279,0.41531,0.27026,-0.099085,0.16251,0.017464,-0.35188,-0.14505,-0.51439,-0.36934,9,6,
221,0.298183,0.532479,0.669493,0.545703,0.201428,0.234296,0.37131,0.24752,-0.0967554,0.137014,0.0132239,-0.331052,-0.12379,-0.468065,-0.344276,6,6,
292,0.29453,0.53051,0.70584,0.6132,0.30051,0.23598,0.41131,0.31867,0.005982,0.17533,0.082691,-0.23,-0.092635,-0.40532,-0.31269,5,6,
294,0.28912,0.51536,0.66633,0.56567,0.25793,0.22624,0.37721,0.27656,-0.031186,0.15097,0.050313,-0.25743,-0.10066,-0.4084,-0.30774,1,6,
345,0.279872,0.503067,0.640992,0.505499,0.188485,0.223195,0.36112,0.225627,-0.0913871,0.137925,0.00243162,-0.314582,-0.135494,-0.452508,-0.317014,5,6,
348,0.27481,0.497335,0.643122,0.559544,0.273154,0.222525,0.368312,0.284734,-0.00165593,0.145787,0.0622092,-0.224181,-0.0835779,-0.369968,-0.28639,1,6,
348,0.322392,0.607448,0.784019,0.614941,0.231098,0.285056,0.461626,0.292548,-0.0912946,0.176571,0.00749263,-0.37635,-0.169078,-0.552921,-0.383843,7,6,
351,0.242226,0.404448,0.501163,0.362022,0.0439468,0.162221,0.258937,0.119795,-0.198279,0.0967153,-0.0424262,-0.360501,-0.139142,-0.457216,-0.318075,11,6,
351,0.267124,0.463064,0.575319,0.529453,0.275222,0.195939,0.308195,0.262328,0.00809791,0.112255,0.066389,-0.187841,-0.0458662,-0.300097,-0.25423,13,6,
909,0.297323,0.514818,0.651746,0.558594,0.232896,0.217496,0.354424,0.261272,-0.0644264,0.136928,0.0437758,-0.281922,-0.0931521,-0.41885,-0.325698,8,6,
918,0.306588,0.572675,0.757154,0.630334,0.26148,0.266088,0.450567,0.323747,-0.0451079,0.184479,0.0576593,-0.311195,-0.12682,-0.495675,-0.368855,2,6,
921,0.312541,0.563194,0.728612,0.643609,0.295618,0.250653,0.416071,0.331067,-0.0169236,0.165418,0.0804148,-0.267576,-0.0850034,-0.432994,-0.347991,1,6,
58,0.060296,-0.058821,-0.034392,-0.37223,-0.86318,-0.11912,-0.094688,-0.43253,-0.92348,0.024429,-0.31341,-0.80436,-0.33784,-0.82879,-0.49095,7,7,
59,-0.0018372,-0.182764,-0.202768,-0.529831,-0.960122,-0.180926,-0.20093,-0.527994,-0.958285,-0.0200041,-0.347068,-0.777359,-0.327064,-0.757355,-0.430291,3,7,
59,0.123756,0.0862331,0.116986,-0.124419,-0.508673,-0.0375232,-0.00677024,-0.248176,-0.632429,0.030753,-0.210653,-0.594906,-0.241405,-0.625659,-0.384254,5,7,
60,0.068056,-0.029842,-0.043379,-0.41645,-0.88125,-0.097898,-0.11144,-0.4845,-0.94931,-0.013537,-0.38661,-0.85141,-0.37307,-0.83788,-0.46481,6,7,
61,0.063595,-0.029734,-0.022852,-0.35642,-0.80321,-0.093329,-0.086446,-0.42002,-0.86681,0.0068828,-0.32669,-0.77348,-0.33357,-0.78036,-0.44679,10,7,
62,0.105532,0.0565168,0.0766569,-0.209002,-0.622882,-0.0490155,-0.0288753,-0.314534,-0.728415,0.0201401,-0.265518,-0.679399,-0.285659,-0.699539,-0.413881,6,7,
63,0.0370124,-0.0581766,-0.0435798,-0.410276,-0.887276,-0.0951889,-0.0805921,-0.447288,-0.924288,0.0145968,-0.352099,-0.829099,-0.366696,-0.843696,-0.477,1,7,
63,0.126025,0.151818,0.221934,-0.0881027,-0.537254,0.025793,0.0959094,-0.214128,-0.66328,0.0701164,-0.239921,-0.689073,-0.310037,-0.759189,-0.449152,8,7,
63,0.0255149,-0.0740907,-0.0351781,-0.281017,-0.657616,-0.0996055,-0.060693,-0.306532,-0.68313,0.0389125,-0.206927,-0.583525,-0.245839,-0.622437,-0.376598,16,7,
64,0.0471215,-0.0612499,-0.0711398,-0.391749,-0.824099,-0.108371,-0.118261,-0.438871,-0.871221,-0.00988995,-0.3305,-0.762849,-0.32061,-0.752959,-0.43235,3,7,
88,0.0405697,-0.0985212,-0.110965,-0.46198,-0.889725,-0.139091,-0.151535,-0.502549,-0.930294,-0.0124437,-0.363458,-0.791203,-0.351015,-0.77876,-0.427745,9,7,
89,0.045163,-0.069415,-0.0769,-0.43812,-0.88909,-0.11458,-0.12206,-0.48328,-0.93425,-0.0074853,-0.3687,-0.81967,-0.36122,-0.81219,-0.45097,4,7,
162,0.0172291,-0.119056,-0.143685,-0.472275,-0.890151,-0.136286,-0.160914,-0.489504,-0.90738,-0.0246289,-0.353218,-0.771095,-0.328589,-0.746466,-0.417877,8,7,
162,0.112701,0.0874564,0.112358,-0.124045,-0.465066,-0.0252443,-0.000342813,-0.236746,-0.577767,0.0249015,-0.211502,-0.552523,-0.236403,-0.577424,-0.341021,12,7,
163,0.057413,-0.048085,-0.049216,-0.36105,-0.77073,-0.1055,-0.10663,-0.41846,-0.82814,-0.0011311,-0.31296,-0.72265,-0.31183,-0.72152,-0.40968,7,7,
212,0.0669919,0.000577353,0.0360235,-0.212648,-0.560411,-0.0664145,-0.0309684,-0.27964,-0.627403,0.0354461,-0.213225,-0.560988,-0.248671,-0.596434,-0.347763,1,7,
212,-0.000830507,-0.13241,-0.125731,-0.453431,-0.87863,-0.131579,-0.124901,-0.4526,-0.877799,0.00667876,-0.321021,-0.74622,-0.327699,-0.752899,-0.425199,12,7,
212,0.149811,0.180932,0.238376,-0.0740354,-0.508353,0.0311217,0.0885652,-0.223846,-0.658164,0.0574435,-0.254968,-0.689286,-0.312411,-0.746729,-0.434318,13,7,
213,0.073072,0.0231839,0.0673144,-0.228717,-0.645265,-0.0498881,-0.00575756,-0.301789,-0.718337,0.0441305,-0.2519,-0.668449,-0.296031,-0.712579,-0.416548,5,7,
213,-0.077518,-0.259077,-0.262024,-0.585636,-1.00409,-0.181559,-0.184506,-0.508118,-0.92657,-0.00294715,-0.326559,-0.745012,-0.323612,-0.742064,-0.418453,8,7,
214,0.065477,0.0036516,0.038262,-0.32777,-0.76721,-0.061826,-0.027216,-0.39325,-0.83269,0.03461,-0.33142,-0.77086,-0.36603,-0.80547,-0.43944,7,7,
219,0.0730037,-0.00774138,-0.00811147,-0.337773,-0.770065,-0.0807451,-0.0811152,-0.410776,-0.843069,-0.00037009,-0.330031,-0.762324,-0.329661,-0.761954,-0.432293,2,7,
221,-0.0360669,-0.181167,-0.16724,-0.476589,-0.89608,-0.1451,-0.131173,-0.440522,-0.860013,0.0139269,-0.295422,-0.714914,-0.309349,-0.72884,-0.419492,4,7,
221,0.122423,0.137192,0.194329,-0.0908452,-0.507571,0.014769,0.0719061,-0.213268,-0.629994,0.0571371,-0.228037,-0.644763,-0.285174,-0.7019,-0.416726,8,7,
292,0.081574,0.020086,0.023523,-0.31286,-0.74423,-0.061487,-0.058051,-0.39443,-0.8258,0.0034366,-0.33294,-0.76431,-0.33638,-0.76775,-0.43137,9,7,
294,0.012208,-0.11681,-0.13006,-0.46161,-0.86882,-0.12901,-0.14227,-0.47382,-0.88103,-0.013257,-0.3448,-0.75201,-0.33154,-0.73876,-0.40721,6,7,
294,0.12128,0.12131,0.17206,-0.10267,-0.47752,3.42E-05,0.05078,-0.22395,-0.5988,0.050746,-0.22398,-0.59883,-0.27473,-0.64958,-0.37485,8,7,
345,0.0742009,0.00331174,0.0088759,-0.265499,-0.624811,-0.0708892,-0.065325,-0.3397,-0.699012,0.00556416,-0.268811,-0.628122,-0.274375,-0.633687,-0.359311,4,7,
348,0.0532843,-0.0284528,-0.0274673,-0.327117,-0.735492,-0.0817371,-0.0807515,-0.380402,-0.788777,0.000985537,-0.298665,-0.707039,-0.29965,-0.708025,-0.408375,3,7,
351,0.118427,0.140356,0.184989,-0.102941,-0.518495,0.0219298,0.0665619,-0.221368,-0.636922,0.0446321,-0.243297,-0.658851,-0.287929,-0.703483,-0.415554,1,7,
351,0.0587372,-0.00821952,-0.0150404,-0.365265,-0.838681,-0.0669567,-0.0737776,-0.424002,-0.897418,-0.00682091,-0.357045,-0.830461,-0.350224,-0.823641,-0.473416,6,7,
351,-0.0339879,-0.169695,-0.179308,-0.427066,-0.800034,-0.135707,-0.14532,-0.393078,-0.766047,-0.00961281,-0.257371,-0.63034,-0.247759,-0.620727,-0.372968,12,7,
351,0.0728971,0.0308792,0.0546943,-0.128719,-0.453115,-0.0420179,-0.0182028,-0.201616,-0.526012,0.0238151,-0.159598,-0.483994,-0.183413,-0.507809,-0.324395,14,7,
909,0.0750817,0.032311,0.0571983,-0.273153,-0.770198,-0.0427707,-0.0178834,-0.348234,-0.845279,0.0248873,-0.305464,-0.802509,-0.330351,-0.827396,-0.497045,1,7,
909,0.0309167,-0.0797917,-0.0602595,-0.294305,-0.665108,-0.110708,-0.0911762,-0.325222,-0.696024,0.0195322,-0.214514,-0.585316,-0.234046,-0.604848,-0.370802,12,7,
918,0.152299,0.193832,0.246852,-0.0903409,-0.538348,0.0415329,0.0945525,-0.24264,-0.690648,0.0530196,-0.284173,-0.732181,-0.337193,-0.7852,-0.448008,5,7,
918,0.035041,-0.0805666,-0.0756884,-0.42758,-0.879214,-0.115608,-0.110729,-0.462621,-0.914255,0.00487818,-0.347013,-0.798647,-0.351892,-0.803525,-0.451633,10,7,
921,0.00470787,-0.159203,-0.171569,-0.488279,-0.914599,-0.163911,-0.176277,-0.492987,-0.919307,-0.012366,-0.329076,-0.755396,-0.31671,-0.74303,-0.42632,7,7,
921,0.133616,0.105416,0.146948,-0.123775,-0.531254,-0.0281998,0.0133321,-0.25739,-0.66487,0.0415318,-0.229191,-0.63667,-0.270722,-0.678202,-0.407479,10,7,
58,0.20467,0.29045,0.37525,0.14294,-0.2337,0.085777,0.17058,-0.061733,-0.43837,0.084805,-0.14751,-0.52415,-0.23231,-0.60895,-0.37664,4,8,
59,0.215418,0.315736,0.377648,0.24151,-0.0714853,0.100317,0.16223,0.0260921,-0.286904,0.0619125,-0.0742252,-0.387221,-0.136138,-0.449133,-0.312996,1,8,
59,0.22735,0.31607,0.384392,0.0840609,-0.36096,0.0887204,0.157042,-0.143289,-0.58831,0.068322,-0.23201,-0.677031,-0.300332,-0.745353,-0.445021,11,8,
60,0.20981,0.3054,0.38752,0.10306,-0.32888,0.095591,0.17771,-0.10675,-0.53869,0.082117,-0.20234,-0.63428,-0.28446,-0.7164,-0.43194,1,8,
61,0.20025,0.2845,0.3697,0.14075,-0.26695,0.084251,0.16945,-0.059502,-0.4672,0.085196,-0.14375,-0.55145,-0.22895,-0.63665,-0.4077,8,8,
62,0.221096,0.322327,0.401036,0.181505,-0.191806,0.101232,0.17994,-0.0395911,-0.412902,0.0787084,-0.140823,-0.514134,-0.219531,-0.592842,-0.373311,13,8,
63,0.139449,0.176255,0.259657,0.0669253,-0.279555,0.0368058,0.120208,-0.0725235,-0.419004,0.0834022,-0.109329,-0.455809,-0.192731,-0.539212,-0.34648,5,8,
63,0.192613,0.30987,0.414505,0.123804,-0.322419,0.117257,0.221892,-0.0688091,-0.515032,0.104635,-0.186066,-0.632289,-0.290701,-0.736924,-0.446223,9,8,
64,0.157413,0.185886,0.247396,0.0166625,-0.349171,0.0284733,0.0899839,-0.14075,-0.506583,0.0615106,-0.169223,-0.535057,-0.230734,-0.596567,-0.365833,6,8,
64,0.245008,0.390285,0.487272,0.209501,-0.225264,0.145277,0.242264,-0.0355074,-0.470273,0.0969868,-0.180784,-0.61555,-0.277771,-0.712536,-0.434765,11,8,
88,0.18509,0.253097,0.320058,0.0483775,-0.344486,0.0680064,0.134968,-0.136713,-0.529576,0.0669611,-0.204719,-0.597582,-0.271681,-0.664544,-0.392863,2,8,
89,0.18868,0.27087,0.35989,0.10836,-0.29093,0.082188,0.17121,-0.080315,-0.4796,0.089027,-0.1625,-0.56179,-0.25153,-0.65082,-0.39929,8,8,
162,0.207556,0.309843,0.387487,0.200163,-0.123353,0.102287,0.179931,-0.00739266,-0.330909,0.077644,-0.109679,-0.433196,-0.187323,-0.51084,-0.323517,2,8,
162,0.175611,0.230698,0.276431,-0.0372048,-0.458686,0.0550871,0.10082,-0.212816,-0.634296,0.0457327,-0.267903,-0.689384,-0.313635,-0.735116,-0.421481,15,8,
163,0.1923,0.27528,0.3451,0.10711,-0.25817,0.082975,0.1528,-0.085196,-0.45047,0.069825,-0.16817,-0.53345,-0.238,-0.60327,-0.36528,2,8,
212,0.243742,0.400298,0.514298,0.245537,-0.195682,0.156556,0.270556,0.00179459,-0.439424,0.114,-0.154761,-0.59598,-0.268761,-0.70998,-0.441219,2,8,
212,0.181992,0.249943,0.332081,0.11355,-0.241976,0.0679515,0.15009,-0.0684412,-0.423968,0.0821382,-0.136393,-0.49192,-0.218531,-0.574058,-0.355527,6,8,
213,0.198847,0.302,0.38601,0.0742358,-0.383857,0.103153,0.187162,-0.124612,-0.582704,0.0840097,-0.227764,-0.685857,-0.311774,-0.769866,-0.458092,7,8,
213,0.170239,0.220261,0.295753,0.0675399,-0.325026,0.0500219,0.125514,-0.102699,-0.495266,0.0754921,-0.152721,-0.545288,-0.228213,-0.62078,-0.392566,11,8,
213,0.237048,0.375743,0.466903,0.314676,-0.0417211,0.138695,0.229855,0.0776285,-0.278769,0.0911602,-0.0610663,-0.417464,-0.152226,-0.508624,-0.356397,12,8,
214,0.19936,0.30722,0.39572,0.10201,-0.33251,0.10786,0.19637,-0.097352,-0.53187,0.088508,-0.20521,-0.63973,-0.29372,-0.72824,-0.43452,5,8,
219,0.214677,0.334558,0.428487,0.204019,-0.183951,0.11988,0.213809,-0.0106585,-0.398629,0.093929,-0.130539,-0.518509,-0.224468,-0.612438,-0.38797,5,8,
221,0.210305,0.340328,0.441283,0.218896,-0.16595,0.130023,0.230978,0.00859094,-0.376255,0.100955,-0.121432,-0.506279,-0.222387,-0.607233,-0.384846,11,8,
292,0.18487,0.28579,0.38681,0.15105,-0.22856,0.10091,0.20194,-0.033825,-0.41344,0.10103,-0.13474,-0.51435,-0.23576,-0.61537,-0.37961,6,8,
294,0.20227,0.32036,0.42372,0.24033,-0.091563,0.1181,0.22145,0.038065,-0.29383,0.10336,-0.080031,-0.41192,-0.18339,-0.51528,-0.33189,2,8,
294,0.23724,0.4004,0.49706,0.18291,-0.24499,0.16316,0.25982,-0.054322,-0.48222,0.096659,-0.21748,-0.64538,-0.31414,-0.74204,-0.4279,7,8,
345,0.181109,0.261236,0.328063,0.126244,-0.182501,0.0801268,0.146954,-0.0548655,-0.36361,0.0668268,-0.134992,-0.443737,-0.201819,-0.510564,-0.308745,7,8,
345,0.184465,0.256783,0.296572,-0.0151241,-0.423179,0.0723183,0.112107,-0.199589,-0.607643,0.0397891,-0.271907,-0.679962,-0.311696,-0.719751,-0.408055,12,8,
348,0.175193,0.267266,0.347959,0.122409,-0.243975,0.092073,0.172766,-0.0527848,-0.419168,0.080693,-0.144858,-0.511241,-0.225551,-0.591934,-0.366383,11,8,
351,0.169287,0.254942,0.328568,0.106527,-0.26192,0.085655,0.159281,-0.0627595,-0.431207,0.0736264,-0.148415,-0.516862,-0.222041,-0.590488,-0.368447,7,8,
351,0.16633,0.238833,0.293087,0.182484,-0.0705462,0.0725038,0.126758,0.016154,-0.236876,0.0542538,-0.0563498,-0.30938,-0.110604,-0.363633,-0.25303,17,8,
909,0.176124,0.245122,0.318113,0.0445539,-0.40487,0.0689982,0.141989,-0.13157,-0.580994,0.0729905,-0.200568,-0.649993,-0.273559,-0.722983,-0.449424,5,8,
909,0.208538,0.3164,0.401379,0.245,-0.110555,0.107862,0.19284,0.0364618,-0.319093,0.0849783,-0.0714003,-0.426956,-0.156379,-0.511934,-0.355555,16,8,
918,0.219485,0.366399,0.486126,0.247594,-0.15872,0.146914,0.266641,0.0281085,-0.378206,0.119728,-0.118805,-0.525119,-0.238533,-0.644847,-0.406314,3,8,
921,0.215189,0.334149,0.413009,0.261121,-0.0672744,0.118959,0.197819,0.0459319,-0.282464,0.0788602,-0.0730273,-0.401423,-0.151888,-0.480283,-0.328396,5,8,
921,0.230652,0.340254,0.415358,0.12992,-0.298847,0.109602,0.184706,-0.100732,-0.529499,0.0751041,-0.210334,-0.639101,-0.285438,-0.714205,-0.428767,14,8,
58,0.29973,0.38649,0.33032,-0.2053,-0.71134,0.086762,0.030592,-0.50503,-1.0111,-0.05617,-0.59179,-1.0978,-0.53562,-1.0417,-0.50604,2,9,
59,0.161663,0.130035,0.127506,-0.287952,-0.776158,-0.0316281,-0.0341567,-0.449615,-0.937821,-0.00252857,-0.417986,-0.906193,-0.415458,-0.903664,-0.488207,4,9,
60,0.27399,0.36855,0.31083,-0.21769,-0.70444,0.094561,0.03684,-0.49169,-0.97844,-0.057721,-0.58625,-1.073,-0.52852,-1.0153,-0.48675,2,9,
61,0.14552,0.075057,0.0068096,-0.47302,-0.99764,-0.070467,-0.13871,-0.61854,-1.1432,-0.068248,-0.54807,-1.0727,-0.47983,-1.0044,-0.52462,4,9,
62,0.296631,0.395103,0.356242,-0.132166,-0.687918,0.0984726,0.0596116,-0.428796,-0.984549,-0.0388611,-0.527269,-1.08302,-0.488408,-1.04416,-0.555752,4,9,
62,0.0928523,0.0155043,-0.00782235,-0.404884,-0.905404,-0.077348,-0.100675,-0.497736,-0.998256,-0.0233266,-0.420388,-0.920908,-0.397062,-0.897582,-0.50052,9,9,
63,0.170037,0.222811,0.250929,-0.172814,-0.689423,0.0527742,0.0808923,-0.342851,-0.85946,0.028118,-0.395625,-0.912234,-0.423743,-0.940352,-0.516609,13,9,
64,0.241858,0.299104,0.276771,-0.197313,-0.699013,0.0572461,0.0349133,-0.439171,-0.940871,-0.0223329,-0.496417,-0.998117,-0.474084,-0.975784,-0.5017,5,9,
88,0.237717,0.290363,0.255876,-0.195277,-0.629546,0.0526468,0.0181592,-0.432993,-0.867262,-0.0344876,-0.48564,-0.919909,-0.451152,-0.885422,-0.434269,10,9,
88,0.145586,0.0434182,-0.0561597,-0.5321,-0.986395,-0.102168,-0.201746,-0.677686,-1.13198,-0.0995779,-0.575518,-1.02981,-0.47594,-0.930235,-0.454295,11,9,
89,0.25088,0.26462,0.17533,-0.32822,-0.84359,0.01374,-0.075549,-0.57909,-1.0945,-0.08929,-0.59283,-1.1082,-0.50355,-1.0189,-0.51537,5,9,
162,0.162482,0.132744,0.0369485,-0.401018,-0.889675,-0.0297381,-0.125534,-0.563501,-1.05216,-0.0957954,-0.533762,-1.02242,-0.437967,-0.926624,-0.488657,5,9,
163,0.22767,0.24551,0.14722,-0.34752,-0.85031,0.017836,-0.080457,-0.57519,-1.078,-0.098293,-0.59303,-1.0958,-0.49473,-0.99753,-0.50279,6,9,
213,0.199885,0.260377,0.272484,-0.143015,-0.631867,0.0604923,0.072599,-0.3429,-0.831752,0.0121067,-0.403392,-0.892245,-0.415499,-0.904351,-0.488852,2,9,
214,0.25137,0.33279,0.31477,-0.17921,-0.72569,0.081415,0.063399,-0.43058,-0.97706,-0.018016,-0.51199,-1.0585,-0.49398,-1.0405,-0.54648,8,9,
219,0.177943,0.162577,0.0911667,-0.389041,-0.913137,-0.015366,-0.0867766,-0.566985,-1.09108,-0.0714106,-0.551619,-1.07571,-0.480208,-1.0043,-0.524095,8,9,
221,0.197491,0.259272,0.288742,-0.130401,-0.64203,0.061781,0.0912512,-0.327892,-0.839521,0.0294702,-0.389673,-0.901302,-0.419143,-0.930772,-0.511629,3,9,
292,0.26675,0.37751,0.35656,-0.15294,-0.69632,0.11076,0.089812,-0.41969,-0.96307,-0.020947,-0.53045,-1.0738,-0.50951,-1.0529,-0.54337,2,9,
294,0.21162,0.27197,0.25947,-0.17106,-0.64754,0.060352,0.047855,-0.38268,-0.85916,-0.012497,-0.44303,-0.91951,-0.43053,-0.90701,-0.47648,10,9,
345,0.222944,0.256875,0.186856,-0.266439,-0.726919,0.033931,-0.0360877,-0.489382,-0.949863,-0.0700188,-0.523313,-0.983794,-0.453295,-0.913775,-0.460481,6,9,
348,0.140556,0.0730053,-0.0265344,-0.467136,-0.925368,-0.0675502,-0.16709,-0.607691,-1.06592,-0.0995398,-0.540141,-0.998373,-0.440601,-0.898833,-0.458232,9,9,
348,0.250736,0.360644,0.325914,-0.123722,-0.580232,0.109909,0.0751784,-0.374457,-0.830967,-0.0347303,-0.484366,-0.940876,-0.449636,-0.906145,-0.45651,10,9,
351,0.272408,0.382489,0.327834,-0.18214,-0.708502,0.110081,0.0554264,-0.454549,-0.98091,-0.054655,-0.56463,-1.09099,-0.509975,-1.03634,-0.526361,18,9,
909,0.21532,0.311404,0.353126,-0.0620214,-0.610342,0.0960839,0.137806,-0.277342,-0.825662,0.0417218,-0.373426,-0.921746,-0.415148,-0.963468,-0.54832,7,9,
918,0.172434,0.136042,0.0622644,-0.416143,-0.911586,-0.0363914,-0.110169,-0.588576,-1.08402,-0.0737778,-0.552185,-1.04763,-0.478407,-0.97385,-0.495443,8,9,
918,0.294371,0.430782,0.409794,-0.0637876,-0.55633,0.136411,0.115423,-0.358159,-0.850702,-0.0209884,-0.49457,-0.987112,-0.473581,-0.966124,-0.492543,11,9,
921,0.15892,0.155084,0.156872,-0.21567,-0.701881,-0.0038366,-0.0020482,-0.37459,-0.860802,0.0017884,-0.370753,-0.856965,-0.372542,-0.858753,-0.486212,4,9,
921,0.224748,0.194525,0.0676944,-0.474863,-0.977731,-0.0302232,-0.157054,-0.699612,-1.20248,-0.126831,-0.669388,-1.17226,-0.542558,-1.04543,-0.502868,13,9,
58,0.3382,0.65868,0.84707,0.61525,0.17279,0.32047,0.50886,0.27705,-0.16541,0.18839,-0.043429,-0.48589,-0.23182,-0.67428,-0.44246,5,10,
59,0.356676,0.680262,0.864513,0.636171,0.17854,0.323586,0.507837,0.279495,-0.178136,0.184251,-0.0440909,-0.501722,-0.228342,-0.685973,-0.457631,7,10,
60,0.31573,0.59743,0.76886,0.535,0.084539,0.2817,0.45313,0.21927,-0.23119,0.17143,-0.062426,-0.51289,-0.23386,-0.68433,-0.45047,8,10,
61,0.34448,0.65029,0.83474,0.58729,0.11705,0.30581,0.49026,0.2428,-0.22743,0.18444,-0.06301,-0.53325,-0.24745,-0.71769,-0.47024,7,10,
62,0.332607,0.638005,0.802758,0.516713,0.00265848,0.305397,0.470151,0.184106,-0.329949,0.164753,-0.121292,-0.635346,-0.286045,-0.800099,-0.514055,7,10,
62,0.325338,0.602218,0.770827,0.580434,0.170705,0.27688,0.44549,0.255097,-0.154633,0.16861,-0.0217835,-0.431513,-0.190393,-0.600123,-0.409729,11,10,
63,0.335962,0.636256,0.820562,0.582953,0.138201,0.300293,0.4846,0.24699,-0.197761,0.184306,-0.0533032,-0.498055,-0.23761,-0.682361,-0.444751,7,10,
64,0.335188,0.609273,0.784147,0.577007,0.167907,0.274086,0.448959,0.241819,-0.167281,0.174873,-0.0322661,-0.441367,-0.20714,-0.61624,-0.409101,4,10,
88,0.311992,0.589504,0.755427,0.497706,0.050408,0.277512,0.443435,0.185713,-0.261584,0.165923,-0.0917983,-0.539096,-0.257722,-0.705019,-0.447298,6,10,
89,0.31721,0.60911,0.78406,0.54774,0.10244,0.2919,0.46685,0.23052,-0.21477,0.17495,-0.061375,-0.50667,-0.23633,-0.68162,-0.44529,6,10,
162,0.349232,0.648122,0.8256,0.608046,0.190099,0.29889,0.476368,0.258814,-0.159133,0.177478,-0.040076,-0.458022,-0.217554,-0.6355,-0.417946,13,10,
163,0.32429,0.59804,0.75593,0.51166,0.069771,0.27375,0.43164,0.18737,-0.25452,0.15789,-0.086381,-0.52827,-0.24427,-0.68616,-0.44189,9,10,
212,0.326643,0.600908,0.765316,0.52103,0.0715963,0.274265,0.438673,0.194387,-0.255047,0.164408,-0.0798776,-0.529312,-0.244286,-0.69372,-0.449434,11,10,
213,0.328458,0.62409,0.796936,0.556789,0.114616,0.295632,0.468478,0.228331,-0.213842,0.172846,-0.0673015,-0.509474,-0.240147,-0.682319,-0.442172,9,10,
214,0.32129,0.62955,0.80787,0.53799,0.0618,0.30826,0.48657,0.21669,-0.25949,0.17831,-0.091564,-0.56775,-0.26988,-0.74607,-0.47619,4,10,
219,0.32196,0.587722,0.750988,0.588127,0.196264,0.265763,0.429029,0.266167,-0.125696,0.163266,0.000404635,-0.391458,-0.162862,-0.554724,-0.391863,6,10,
221,0.325492,0.603906,0.770011,0.531909,0.0813572,0.278415,0.444519,0.206417,-0.244135,0.166104,-0.0719974,-0.522549,-0.238102,-0.688654,-0.450552,9,10,
292,0.3023,0.57578,0.76084,0.53826,0.10725,0.27348,0.45854,0.23595,-0.19505,0.18506,-0.037525,-0.46853,-0.22258,-0.65359,-0.431,1,10,
294,0.29732,0.5546,0.7193,0.49404,0.089875,0.25728,0.42198,0.19672,-0.20745,0.1647,-0.060563,-0.46473,-0.22526,-0.62943,-0.40417,4,10,
351,0.323606,0.590316,0.749801,0.581697,0.184776,0.26671,0.426194,0.258091,-0.138831,0.159484,-0.00861884,-0.405541,-0.168103,-0.565025,-0.396922,4,10,
909,0.32263,0.593621,0.761979,0.559484,0.113002,0.270992,0.439349,0.236854,-0.209628,0.168357,-0.0341377,-0.480619,-0.202495,-0.648977,-0.446482,14,10,
918,0.342189,0.661175,0.859,0.611852,0.141129,0.318987,0.516811,0.269663,-0.20106,0.197825,-0.0493234,-0.520046,-0.247148,-0.717871,-0.470723,12,10,
921,0.359032,0.663714,0.844407,0.63551,0.196595,0.304682,0.485375,0.276478,-0.162437,0.180693,-0.0282034,-0.467118,-0.208896,-0.647812,-0.438915,11,10,
