952,0.459470197584266,0.492754248267374,0.712620237522331,0.731554115238974,1.13020983503234,1.63298465126103,3
1120,0.0454482884262653,0.0551188869999836,0.257078534942628,0.277827166409159,0.61770030834809,1.11993695769105,3
1665,0.213092712097799,0.259543447239129,0.481347719172964,0.504516609910916,0.902979023648596,1.36743386271788,3
2402,0.16617259623596,0.210195828335263,0.407234831932431,0.407259678513874,0.748194397218813,1.22870207921549,3
2403,0.0717882666979853,0.118603681373803,0.358162118903826,0.384592617855061,0.746601258217566,1.25214972875914,3
3421,0.226873582689049,0.296606089582461,0.565318566807497,0.544424975627675,0.913549509174684,1.45679944178364,3
3674,0.189537749207795,0.232493334503555,0.418386562048826,0.502229472788934,0.826799509126564,1.32190754809728,3
3675,0.134053581265175,0.186300277229215,0.416323869930311,0.490981727117393,0.826005962385823,1.32222251052032,3
3676,0.0972895803946807,0.146532141209054,0.373884964397496,0.443875301633164,0.797024323248417,1.31318903464108,3
3677,0.0628227319801486,0.13104309743021,0.365195019348241,0.439280958724648,0.792919896663717,1.31059024130058,3
7,0.560570978486854,0.519118626359921,0.706000049209161,0.74344307945329,1.04852768263472,1.48288511638141,3
8,0.503144688809595,0.470057766636771,0.679837540009981,0.73025307473212,1.05071798956276,1.49526426240067,3
9,0.469382443759057,0.442801382319188,0.6752545697005,0.724598419623341,1.05259744143456,1.50728239467433,3
10,0.457047183250702,0.434964902520291,0.678314867485048,0.73424729012564,1.05309219534582,1.51331329161574,3
11,0.479456002979688,0.441086271843411,0.686424969866653,0.743339227068958,1.0673743462904,1.51576433968865,3
12,0.488358189460347,0.443366330376215,0.682727319306793,0.75146854665001,1.05679785749654,1.50526937116662,3
13,0.491487044645047,0.446473163417241,0.681129730293558,0.750807760222485,1.06091091862505,1.51031153706639,3
14,0.489897884908027,0.442334661405636,0.674321566514131,0.736012391542141,1.05613913583882,1.5151528223236,3
15,0.489082150515241,0.440920625835151,0.681622664901843,0.73849737944258,1.06106750557694,1.51461344140681,3
16,0.511493653439511,0.439634666269011,0.661860745742673,0.74493773122004,1.06215837031766,1.50073147413731,3
17,0.497567696331689,0.438049605591595,0.675646514245287,0.738462106281201,1.06887831210823,1.51505058452456,3
18,0.49813639216101,0.446654533309513,0.689295509566335,0.742603480203892,1.08185182247008,1.51874643407151,3
19,0.511164106429104,0.452245816285974,0.700474442524909,0.763258785228704,1.08044952043644,1.50297406797423,3
20,0.524175354995775,0.458346534100372,0.678439752974091,0.763739817528736,1.06343638704193,1.50245016403953,3
21,0.512638423269431,0.469188039948851,0.710261762497182,0.754667461723183,1.09245765415398,1.50912631738216,3
22,0.494665272431587,0.462608496402298,0.709363260429211,0.761169401002567,1.0836483062785,1.50676742576858,3
23,0.525942610623606,0.459130793845064,0.690391469045699,0.763748609880612,1.08023061243711,1.49881598925798,3
24,0.513775122607931,0.461107863182262,0.673075934972263,0.751221161738785,1.06810887860556,1.50380426442564,3
25,0.515107645159624,0.459249967403507,0.692933126839552,0.766445636714698,1.07762744033969,1.4981815599674,3
26,0.469566936399554,0.438963255861911,0.712559266672995,0.746691976586015,1.08830864559262,1.50232801357289,3
27,0.439617070915977,0.417771897984208,0.70109993379751,0.745254755919533,1.08153279285271,1.49875914622158,3
28,0.437554017229634,0.419710067909578,0.714499973895573,0.748410258575024,1.08872969416318,1.4884243474708,3
29,0.444582376742972,0.437196801059976,0.727450755075592,0.771185014631441,1.08568393203378,1.49535088547628,3
30,0.450444230858562,0.435387749281006,0.695236855092516,0.758183828324795,1.08441531890576,1.49378953002995,3
31,0.430037824482445,0.428900208887415,0.695874077204967,0.744234132865422,1.07820988507138,1.48941344495532,3
32,0.421989164141585,0.429358437175022,0.722170249524357,0.781609853032637,1.09310938609114,1.49233628335352,3
33,0.43427267827292,0.441598819573492,0.709286178160868,0.779599183537121,1.09655163576144,1.49420529558318,3
34,0.441374444620516,0.424176350506636,0.674655937982615,0.758578663464922,1.07844063030333,1.47838297189392,3
35,0.418238167747665,0.414189139307938,0.673786504960494,0.74809701228687,1.07974257220484,1.4758233243071,3
36,0.364017401911475,0.422609646258006,0.709293660317992,0.803769702437077,1.1076457439917,1.49132903172705,3
37,0.400295247027173,0.423671936392719,0.707494692696833,0.809160918658393,1.10865738119567,1.47527523992324,3
38,0.405168395804801,0.42294779153307,0.67927110230597,0.792482603213592,1.08224872833967,1.45423674708775,3
39,0.407407989912524,0.433715146886429,0.704322237178085,0.837583558127526,1.10956031666661,1.46760759024795,3
40,0.37543570664941,0.425182340426974,0.703803098385853,0.835731391162693,1.08915877288279,1.44154094245417,3
41,0.379237495509006,0.409454273995033,0.691975323586305,0.822303227779422,1.07539818070663,1.43635221311815,3
42,0.422940851315349,0.423214624237527,0.705058184565238,0.860259150714701,1.09067307875541,1.44782859945607,3
43,0.440767205202401,0.437217500052327,0.709254273450161,0.867754925948588,1.07583067357432,1.42029847504692,3
44,0.512861553155755,0.477806551660539,0.700583316643261,0.877665308510114,1.0730426481995,1.41263335417564,3
45,0.585434257018888,0.526294832218105,0.691636227859308,0.843968354609558,1.05884759603316,1.38171096163781,3
46,0.491243305223199,0.474500017989143,0.731281171772112,0.87062394944688,1.06613410178751,1.37476824031075,3
47,0.516121024318853,0.47341081959609,0.711446056721105,0.880683215653777,1.06655829923062,1.3475307630432,3
48,0.587812358184236,0.526518384984748,0.704478891939029,0.884538297505926,1.06018344952168,1.35191476257658,3
56,0.644607130225059,0.618818548635392,0.800338464529631,0.906532630610363,1.08319515941636,1.37818647881367,3
57,0.62489740714772,0.595821702052234,0.786547640488217,0.899749252784283,1.08030214112039,1.33814081816662,3
58,0.536819808231458,0.519520327840851,0.769465047665237,0.908144554085829,1.06229582721308,1.30725629681368,3
59,0.486519395021524,0.475748897712631,0.757028180002238,0.910200281273668,1.07851376658036,1.33317939027729,3
60,0.462696832181577,0.447746519091131,0.751863620538655,0.915807297214808,1.08200823157801,1.36587935134123,3
61,0.386916341465982,0.408547159594706,0.720160472175442,0.911438897280857,1.05456533387634,1.30660298104641,3
62,0.413446611774888,0.408733950998673,0.719856518347296,0.903479288203064,1.0528785228192,1.3106349958019,3
63,0.502847525989734,0.456583571435252,0.705075436357971,0.867449808428649,1.08323071971439,1.41680098875322,3
64,0.660306560887447,0.55127672752243,0.716122759498103,0.877973431392064,1.11772247820522,1.43080730964296,3
72,0.614264942459876,0.597385123972107,0.796106758871158,0.916477223042484,1.05785967389217,1.3418797842998,3
73,0.489486849489804,0.535215196166552,0.777958742143421,0.922397446174817,1.06398781720101,1.33699032270654,3
74,0.41660410710279,0.477165758925726,0.770567370810449,0.941892589692776,1.07419613943636,1.35499661376675,3
75,0.416852001151026,0.455415872203767,0.760541048732804,0.929311253117216,1.07593157902423,1.35836535396605,3
76,0.403616443462653,0.44494806531097,0.759707071448777,0.944858890756935,1.07213386003385,1.34813617907018,3
77,0.369164165716691,0.417797488608355,0.75090119539993,0.946432812983707,1.07297510246289,1.35471924463808,3
78,0.317704641102929,0.381048890080317,0.741404840042838,0.950277040595775,1.07556644755183,1.35521937125281,3
79,0.283073830811714,0.35632159132644,0.726226731530456,0.94634550769053,1.07769509387738,1.36091131775076,3
80,0.233002621890068,0.332571591802846,0.714070075285394,0.932047281561157,1.07543097617919,1.35621334847145,3
81,0.220424713811117,0.3096704304844,0.706130293938564,0.904426152246576,1.0747932099882,1.35610990988527,3
82,0.236570372673084,0.314624327455856,0.699867254799328,0.888746733913241,1.07854563018814,1.35511098848821,3
83,0.25128229765455,0.316674763852211,0.700616330761893,0.893261668351266,1.0755746383695,1.35457016109466,3
84,0.284827591355968,0.328465376676864,0.695113728051185,0.893461822469902,1.07850756272973,1.35975882346264,3
85,0.279670658093994,0.326374370083905,0.700165708937481,0.896485309213558,1.08010545533882,1.35994810532645,3
86,0.235332178482818,0.307731708195628,0.70544835177048,0.894966169951549,1.08712948062566,1.3556089948384,3
87,0.201498902202111,0.294880757556029,0.692273179393691,0.88768231174456,1.08188671166865,1.3503506010662,3
88,0.171799849512878,0.28292228527488,0.695389740668237,0.874024209954491,1.07645775443948,1.3554118189975,3
89,0.148376394756532,0.2715223256866,0.693154508579848,0.876303810043964,1.06838419026096,1.34737251350072,3
90,0.141192032853476,0.271054550432601,0.683925442158905,0.861116010813586,1.0500786217658,1.33339558245958,3
91,0.16024731638631,0.26395330922605,0.666068715287078,0.843434750110832,1.02594041773803,1.30632247834817,3
92,0.13945672818568,0.256051754785393,0.669293289647536,0.841348636357578,1.0204748046952,1.30266464369156,3
93,0.134790190662598,0.266872616969865,0.670469346543961,0.844006427479061,1.02210197189062,1.30262020851069,3
94,0.14048626941907,0.272577112051648,0.670681579019656,0.853818882173379,1.02384099122317,1.29494013442198,3
95,0.151310499628351,0.288869076533217,0.683794889845643,0.86808844177918,1.01557412142298,1.29034688123994,3
96,0.311631449873199,0.365106813206065,0.711834594782495,0.838015280387929,0.948066868957289,1.24750375307574,3
97,0.425806129442802,0.446429493585008,0.758424920395648,0.872150209336341,1.02135914914987,1.3442341159545,3
98,0.451563749751949,0.492361636623523,0.753967620306558,0.833865726992838,1.02352915495711,1.3640923269924,3
99,0.468685176517269,0.52028950392165,0.765878475290012,0.833340890764854,1.04266209935656,1.38657970857443,3
100,0.426745738615805,0.484319825258619,0.748553360132646,0.839261950176814,1.03934710474456,1.387805882746,3
101,0.454037552782042,0.493606961739902,0.740845690131077,0.848088066005531,1.04156009602909,1.40024046872039,3
102,0.458363926913413,0.484953600200136,0.73562288154243,0.853621818085105,1.04512250825441,1.40939341918478,3
103,0.441638934012751,0.471293156651802,0.733234189725492,0.854718633151002,1.04681871437317,1.40961906218674,3
104,0.369499405910327,0.432841535231008,0.72639644049208,0.864359718582365,1.05707973577791,1.40739742102333,3
105,0.336983791163079,0.40160340855798,0.722479411662816,0.85959462046512,1.05832720011354,1.40411836225118,3
106,0.228028911077303,0.341391904619315,0.69551974154488,0.855325115458301,1.05221365423104,1.39173008768756,3
107,0.202921250350264,0.321261832685005,0.691998693168805,0.851917318047925,1.04655452025172,1.38595758474026,3
108,0.182856049166471,0.301581442260629,0.694454562484103,0.844173289074139,1.04982605404212,1.38032995235682,3
109,0.144313446004043,0.288330761098546,0.6847090093106,0.84075288565875,1.04813058312969,1.37718933546384,3
110,0.139329574830872,0.289241625682409,0.688797696290814,0.839445309438807,1.05737476995663,1.37437995696,3
111,0.0717972319193571,0.243456089076915,0.671941350217033,0.826145104482658,1.04820079140173,1.36652041675161,3
112,0.0557360581431516,0.230322802516581,0.651287276335756,0.810451546050626,1.0295322353995,1.37715850315078,3
113,0.0202063239347261,0.191104600665289,0.603398420719499,0.78126806657886,1.01819914248391,1.39466057644728,3
114,0.00457384022413346,0.150605362444682,0.571999713479946,0.742996379007967,0.99831789393631,1.40401606893387,3
115,0.0806354271751975,0.166850217316066,0.555667904897645,0.723399235013395,0.993143301240943,1.42356824474492,3
116,0.150678195681941,0.195275894869872,0.561474170931205,0.722017520615828,1.00300357739625,1.44668644318326,3
117,0.0491982634304427,0.157955924056217,0.558467061610726,0.722274777709133,0.988828522250293,1.42125173582586,3
118,0.0318040278223082,0.148587004940668,0.551785026239205,0.716010363451489,0.972168511186223,1.40049367868815,3
119,0.0730544463301263,0.17047094032492,0.557627515152584,0.718947142811262,0.981478171991825,1.41584253442123,3
120,0.179287162782178,0.20920908041971,0.570832973550777,0.71819011903057,0.999143769601435,1.43087176808439,3
121,0.393335809696546,0.365990036868296,0.641512250450712,0.724828863909238,1.02000998428796,1.48380889597168,3
122,0.392083018795951,0.384045819227122,0.654348261496889,0.741042430787698,1.04864808098685,1.49992054243702,3
123,0.443681619435882,0.439902179381839,0.648617331695323,0.744200139312183,1.04482740505494,1.5038171229978,3
124,0.476197973541261,0.46277087039946,0.662677204576049,0.743864780787338,1.05167229284596,1.5115810789964,3
125,0.49573925559776,0.473843973118036,0.673100579555319,0.738047894921262,1.0556389794649,1.50958525997921,3
132,0.554554990469781,0.530956303541657,0.711869119102242,0.754417366122446,1.06813057587272,1.52263577638893,3
133,0.544623867630465,0.527835380358765,0.711181095053266,0.7494608217591,1.05863366341831,1.52411591778267,3
134,0.514508437188508,0.497106551756494,0.710271745676913,0.759605397773313,1.07085086252199,1.52452133124561,3
135,0.49094935989299,0.480691628859787,0.704226368145235,0.752552043692805,1.06707616626927,1.52575233650578,3
136,0.481068264263496,0.441304892288207,0.700675189510099,0.741103801470018,1.08110518786113,1.53181050845202,3
137,0.513640381737354,0.447345402996812,0.688709739135979,0.731800399313147,1.08120441359132,1.53506654750886,3
141,0.551278741630496,0.514737864082724,0.714524084465072,0.800868047402073,1.05838550325198,1.4723553810818,3
142,0.572356295806075,0.500419708763442,0.704985898330022,0.782439192541248,1.03518976434417,1.43765376805772,3
143,0.580299724272911,0.499724140904378,0.715083818490609,0.790024601301096,1.03766642407151,1.44101321085841,3
144,0.559337734044144,0.503262402709005,0.701912338460891,0.814062796681442,1.06163602645946,1.46104930598061,3
145,0.525753445434029,0.499087452247411,0.709027589816865,0.810522676679845,1.06100892620098,1.46786671665038,3
146,0.518870137089536,0.482072220076019,0.693870501655958,0.825213780514221,1.05359621118169,1.46012924750425,3
147,0.551504472942311,0.516325581685672,0.691300354584904,0.802038561447998,1.02451346370914,1.43241865609993,3
148,0.604305885409527,0.530897910403418,0.695605136810553,0.824357484997546,1.04034323278087,1.46548635307223,3
149,0.579850648457626,0.541244055365788,0.697476312193001,0.840600753698462,1.04410825464635,1.43487704993028,3
150,0.537037458799784,0.502331840444011,0.700789457014607,0.805460995329448,1.04751111740803,1.47954621019661,3
151,0.479839504506881,0.472709904795339,0.711660546969348,0.856660083173209,1.03431251017205,1.42799941655728,3
152,0.46106055258603,0.457364811257226,0.726919206528363,0.858740014212863,1.03904887502722,1.42208153383476,3
153,0.442586707901324,0.44714724188962,0.6969436110898,0.852394653081992,1.06006636436651,1.43067688372679,3
154,0.501411217042804,0.452317341520381,0.676445960483595,0.808663220724379,1.05788265835912,1.47497669608999,3
155,0.558604760165834,0.485766682798386,0.676596518575143,0.820033413829456,1.04249149397389,1.44661337069185,3
175,0.658733116636857,0.654372703567273,0.893396484603019,0.955573690139848,1.09628207060151,1.39957186623553,3
176,0.587549508462911,0.588116642320217,0.849252630390393,0.951300836499626,1.10564724900463,1.41550030130497,3
177,0.548050837036007,0.564426797525162,0.835280328008439,0.946266242424889,1.10361116316195,1.40598035275682,3
178,0.526728764619462,0.549169421194977,0.829833641079295,0.936346191549895,1.11406934786744,1.41125265655216,3
179,0.512876135959239,0.539513103872702,0.825677252937352,0.941579596349922,1.12045525772579,1.40258409766389,3
180,0.50161074516919,0.531370272252325,0.820054535582398,0.93646329785077,1.11585421771044,1.39420738023838,3
181,0.491999943965341,0.523542694353584,0.809013685436739,0.926522133915582,1.10821753364408,1.41675928102285,3
182,0.402547976815139,0.476835516267027,0.798505235372951,0.931900506227412,1.11467743068908,1.41905341123651,3
183,0.378538169646648,0.433466222655532,0.773858368577026,0.915864665466109,1.12538039463358,1.42478513769817,3
184,0.361472663006577,0.415131144644392,0.766595389887555,0.9233558469959,1.11452582562685,1.42701931911432,3
185,0.357517969211994,0.40547185345639,0.742395022271052,0.908083747941421,1.12111018145943,1.41853874966543,3
186,0.336534913004486,0.378843868113619,0.722871602678624,0.907053076547701,1.12478180727068,1.41712131274196,3
187,0.268385071620337,0.337974128272816,0.716731170385245,0.903223968254624,1.13008990248456,1.41860490925816,3
188,0.25032868626364,0.314264900733919,0.691241907142986,0.873364634804282,1.11685360032364,1.39538796364399,3
189,0.248888823862439,0.29454151249429,0.664944693453578,0.857603598851517,1.10639030548553,1.39297497205918,3
190,0.255061709441973,0.298643581511529,0.658590770332811,0.858174263245564,1.10622238680921,1.39884133840383,3
191,0.149263798941127,0.257734859306718,0.630290300831478,0.837491874632702,1.08588512863387,1.3665205656198,3
192,0.113068776423765,0.254652795654334,0.64138207841638,0.834736642126897,1.09210792710109,1.38029284063782,3
193,0.0943513124783814,0.242873582991334,0.653164972209798,0.84346809322233,1.11239020460205,1.39117568596296,3
194,0.0845776374851841,0.232451053891156,0.634696930871238,0.827800674424929,1.10937398538142,1.38374631735947,3
195,0.0877441526316687,0.242984431910632,0.632936713197709,0.83662892096777,1.11393870552479,1.37868501031801,3
196,0.256777067890351,0.30533784639852,0.600434066436712,0.830668773134875,1.10340882965033,1.41191242628743,3
197,0.23052000185957,0.301676386840961,0.642891457980502,0.874627326889841,1.13610833898331,1.39874467338529,3
198,0.216940940984508,0.291705732815095,0.634210567960652,0.860641015640338,1.11171709293458,1.37721258993514,3
199,0.230969216973918,0.290159050027527,0.612336768887411,0.848728300853429,1.11149817274869,1.39919690343707,3
200,0.2152275865084,0.306169340804559,0.644739502912816,0.828162056131046,1.07158845933067,1.33258371783052,3
201,0.269378152141275,0.349059992102547,0.629632057806088,0.843025724126306,1.08295726216045,1.37029413327448,3
202,0.278663633993317,0.293228686289669,0.607021269960826,0.832965415122623,1.10070830943927,1.38412340576201,3
203,0.224999099357253,0.292223355963921,0.618469234395472,0.83974082412687,1.10019249441801,1.38641090928435,3
204,0.221261714869488,0.306547599592343,0.641428019178662,0.839621124284546,1.07231071148385,1.37623408125771,3
205,0.21244723117071,0.307534037178331,0.661821335132877,0.834489584457626,1.07997150376795,1.35956980757668,3
206,0.202216580193919,0.308035823451688,0.667008119548059,0.844345900285233,1.08074023108997,1.35291388926835,3
207,0.257571406090839,0.300929937541458,0.628185937762184,0.835660323782971,1.08194829936386,1.367768411568,3
208,0.366263902833844,0.348554203132489,0.629321302125175,0.815832835228743,1.0760478998726,1.36522763679763,3
209,0.489556317518997,0.428998700057884,0.654776402609091,0.793815113098632,1.0489818348079,1.33126845567475,3
330,0.363749022935403,0.359619875430753,0.51141268492874,0.555747276998327,0.831449172423323,1.27906295918832,3
331,0.296457079362623,0.312051843029244,0.478257370564279,0.553361070356515,0.828365957755199,1.27922520046869,3
332,0.327620453988826,0.315079512343833,0.479493053669208,0.556215842151874,0.827747168086715,1.279486543859,3
333,0.323772971232522,0.305177924684892,0.474803215757252,0.552602889226997,0.824898608110529,1.27869466733373,3
334,0.292569910546285,0.294691263766078,0.473998214751902,0.558623115707188,0.827470015161302,1.27800781255033,3
335,0.237572468297956,0.266644517268175,0.46835412319848,0.557708574033176,0.827451364892803,1.27105137359655,3
336,0.103665965060609,0.179836366105882,0.421501381299734,0.535779550789349,0.822656759575129,1.24251688596274,3
337,0.0199796530508136,0.121613024498773,0.393878623266429,0.528916595558994,0.815104103562944,1.22503657955512,3
338,-0.0448061105892072,0.0653485090173016,0.377854079053985,0.522626361915824,0.811199251751693,1.20894223199422,3
339,-0.0720367285450356,0.0287868697074527,0.380761036511114,0.518588919814105,0.804254129705753,1.1983808814597,3
340,-0.0853511505965057,0.0124902833789504,0.363680638128069,0.508808092927606,0.804132074166148,1.19936061193566,3
341,-0.00691037337545458,0.042873971653914,0.324777666725455,0.498942166357166,0.796749370124416,1.20523118408702,3
342,0.00026947483658047,0.0526650013608182,0.321037746440408,0.484297793246578,0.796215351048109,1.20800685724916,3
343,0.00293389200592828,0.0479373571027931,0.325708394520307,0.486171614989996,0.795784898393202,1.20886069952339,3
344,-0.00131632600917362,0.0440390061462592,0.324161433198085,0.488648164306698,0.799673042733631,1.21007069830678,3
345,0.000538640086214784,0.0521516657257682,0.327227731962918,0.490411623115847,0.802783281766133,1.20921313128554,3
346,0.0642010861580622,0.0878231268819174,0.325321852141603,0.483290515136823,0.790057268604149,1.21267822252253,3
347,0.109986467996162,0.112417939867932,0.338151300250617,0.4814742127063,0.790226197241581,1.2134215367652,3
348,0.178537278784065,0.141710038249433,0.376879375028622,0.518925198179985,0.805679954004503,1.21328870736436,3
349,0.277351876632315,0.186565585780382,0.373365820663557,0.504883949387545,0.789553887039908,1.2328364021545,3
350,0.298918184004897,0.206701878968454,0.37511889040841,0.506932583715357,0.788223526321022,1.23594606627405,3
351,0.269670546900181,0.195105114141719,0.371186345863844,0.505292178945387,0.792835834780657,1.21453388017162,3
352,0.250300654067144,0.182747262690638,0.370480540773974,0.51376723430731,0.795658692912272,1.20752201453398,3
353,0.232195340206639,0.18179853829584,0.398821459373678,0.544547138549286,0.813455868073509,1.19619648780052,3
354,0.202580874776934,0.171264796120126,0.401368368324199,0.542154196397743,0.804092119034439,1.20510693220806,3
355,0.197063722283641,0.169938885731292,0.4006155730855,0.547071162944843,0.803084658246138,1.20505454694982,3
356,0.134787970508325,0.154675634478631,0.389466874271695,0.54689410944745,0.805760216347019,1.18318911483661,3
357,0.140544405156053,0.146180061429332,0.378758047764163,0.540272737370152,0.803903289180738,1.19112272919512,3
358,0.135538195211683,0.148093396903352,0.385945854184935,0.538376284703228,0.798611094214659,1.194564133638,3
359,0.143801058538763,0.148299547998201,0.38881157900156,0.550526697422689,0.808755549469314,1.18756194897158,3
360,0.155221853637987,0.15724612280484,0.405341434159786,0.556695233532572,0.815120667267451,1.19689084963405,3
361,0.155126368516956,0.151531473236713,0.399951975899076,0.558466333213841,0.812311096766112,1.19986627224713,3
362,0.157314299401599,0.153658011759952,0.390455864911212,0.548348169789879,0.80624350007773,1.19049674112123,3
363,0.162546544625768,0.158196634536618,0.386105692695393,0.538258840624931,0.791565728303831,1.18789527711446,3
364,0.167384422770005,0.156741084320209,0.385029124439264,0.540539136274356,0.790610233933439,1.19366562607747,3
365,0.178332386260919,0.157865449093512,0.392834802523302,0.546008730011659,0.805784173664376,1.18669876974214,3
366,0.159201735843079,0.156639656384207,0.401727935277425,0.551400005875976,0.804516295485417,1.19717277229684,3
367,0.169235091830452,0.156699585135911,0.406322144956143,0.560088517832745,0.814203794932505,1.18318494172468,3
368,0.174252468747496,0.165573413803185,0.395273474834605,0.534620030212842,0.798365292613454,1.18668639069336,3
369,0.135769260032492,0.153035274161668,0.381841813577105,0.530142846932959,0.788425724140056,1.19000986190609,3
370,0.11176428674247,0.14175041254692,0.360558562498423,0.520762705031853,0.804051595601283,1.20006012336915,3
371,0.0686323245649985,0.0922088758694159,0.352865780081937,0.496634808844937,0.814309487979966,1.2257391419102,3
372,0.0744522842910774,0.113829358252881,0.368283830416918,0.493804183860847,0.813795269057087,1.22292509147242,3
373,0.0775382654736088,0.0933478060516264,0.335863089467554,0.483275409387145,0.810042313325459,1.2357782532218,3
374,0.0787593317717256,0.0854052910151969,0.34200460778529,0.470063787501052,0.80864246243751,1.24051575223389,3
375,0.0903235040805333,0.0990208323517823,0.34357459876405,0.474151895485426,0.81311669877869,1.25396662867368,3
376,0.165343541103077,0.130127926377263,0.346261594497433,0.460505420430801,0.805447737595867,1.2604928338036,3
377,0.141289663232593,0.155819520970625,0.368478378396496,0.477869164292957,0.814123309371324,1.2631163521407,3
378,0.133456179333291,0.151476120561884,0.354748782677011,0.46581112578188,0.817434158840483,1.28045032912512,3
379,0.17220504743581,0.158674624369859,0.367901129308421,0.475467186733434,0.826874968439081,1.28693002961279,3
380,0.108415938380364,0.149009463692962,0.378366857993881,0.489387180102603,0.831837591112928,1.29376163469094,3
381,0.077715637322027,0.11585044695842,0.355718821014345,0.485203137399584,0.823912395168545,1.29334929367962,3
382,0.0662728306596282,0.102621848637575,0.344973162825887,0.478583045869234,0.824542029257799,1.30501832200074,3
383,0.0582244077367756,0.0938685538559607,0.333060219496475,0.485072592278866,0.821207769106806,1.29144874293367,3
384,0.004889090921352,0.0772727508914079,0.341686627190741,0.500840837196526,0.827166045734111,1.28264754819759,3
385,-0.0565841216721219,0.0488539929916931,0.345101636462179,0.507408746456434,0.828040444278801,1.2685446879354,3
386,-0.142941325998905,-0.00716518267004964,0.336175529082786,0.513504606502994,0.838580260823101,1.25751373655104,3
387,-0.139366451652019,-0.014612489752429,0.323252619368038,0.506498540502439,0.835741096135412,1.2605186030119,3
388,-0.100160775454252,-0.00574804139101059,0.325485768294439,0.504500493451187,0.832524980187651,1.26623531249532,3
389,-0.0988062421180223,0.00470093009182926,0.333870754114557,0.50863834171587,0.831618529237789,1.26577346262416,3
390,-0.0728735855097802,0.0337570194449855,0.345396878460649,0.501511155907036,0.826918357458476,1.27213139680959,3
391,-0.0837302710566723,0.0181134219145445,0.337046185477343,0.508873484185395,0.831085961657347,1.26768921450549,3
392,-0.0767500909810845,0.0324129233318528,0.337757392718449,0.50888213589651,0.8305455237678,1.26703539719829,3
393,-0.0560110735003737,0.0373067852346433,0.341465448523544,0.506832539943949,0.828776473448303,1.26512272988674,3
394,-0.039723569430506,0.0533339601128847,0.342052716476061,0.502979956306059,0.82800112486697,1.26674505132653,3
395,-0.0359856702068655,0.0585714395496195,0.340860110517895,0.505282100044408,0.829987442987226,1.26627611575647,3
396,-0.00783875692783103,0.0660118699955591,0.346375008781939,0.507188170330928,0.8294272056518,1.2720918335918,3
397,-0.0667651542596732,0.0353720278256713,0.345231062549233,0.514011981524973,0.838142924553382,1.26977288471902,3
398,-0.131850694874423,0.00226384857531639,0.341491152202555,0.512035264233951,0.842907790150459,1.26990555012935,3
399,-0.123426599574828,0.0141320314481419,0.36092515401797,0.510651540654397,0.84492573339024,1.26649239192854,3
400,-0.153383114354944,0.00249105463049128,0.358840413714636,0.49945363405029,0.844109626320371,1.26312673115172,3
402,0.176248965075513,0.163151495410465,0.342500599062038,0.472956610292061,0.841265566255729,1.31019929735557,3
550,0.621647934029479,0.630440157757099,0.79736595970397,0.810739198608659,1.12883758192268,1.56659871132094,3
551,0.499619861410988,0.51213510124377,0.735758776021265,0.779756260607929,1.08737999053082,1.47216611782537,3
552,0.462091823064049,0.475191240794961,0.718491425877514,0.77389986089708,1.13572519518822,1.56313349099371,3
553,0.423337200852928,0.443012407393061,0.7173279068601,0.781257218461533,1.15852421149992,1.56820823408845,3
554,0.36704605464533,0.414510809461627,0.709979619472472,0.778363214173362,1.16143896840876,1.56039010162172,3
555,0.393678282557901,0.423991483486555,0.695335655334853,0.753752423681147,1.14371672219034,1.5600604750916,3
556,0.420206112822786,0.436108133409379,0.689528349796907,0.750190045456399,1.15505532196373,1.60875442724144,3
557,0.484734268670338,0.489375692402663,0.673652407519501,0.752728829986552,1.14362684334394,1.60475824583218,3
2553,0.337075456320902,0.319316486423705,0.498442463024565,0.64304877453225,0.818801430122616,1.15045376704741,3
2554,0.283593774955504,0.291558838033333,0.49708080956255,0.635440867818661,0.808840203528285,1.14592406155563,3
2555,0.303650769165778,0.302480189210966,0.488531713945941,0.614194397642396,0.79933917202886,1.14370698763174,3
2556,0.252270427437084,0.287609007388113,0.483974255907781,0.588548208561668,0.804932094050823,1.18251098171167,3
2557,0.230727123659823,0.270619017065804,0.474024421749898,0.588008365329857,0.826064780159968,1.19588059459011,3
2558,0.247186788116439,0.283511742639861,0.473697131515958,0.589483893147499,0.824307051934381,1.19880990478942,3
2559,0.341616048064485,0.301423800421245,0.459072665915756,0.563523057645059,0.813450374548542,1.21234427325048,3
2678,0.342434090329444,0.347880392500948,0.525094407637412,0.569551807609229,0.857623255702108,1.26508133431223,3
2679,0.343474406800546,0.34241672241326,0.497345126684808,0.533799416633519,0.849488185806437,1.26828983302295,3
2681,0.308232801403142,0.300615526680735,0.485502672320503,0.550253604521843,0.846291781027142,1.24068654678319,3
2682,0.397114564194474,0.334510366432386,0.489236920067991,0.568915299781226,0.844701154962051,1.24152032770597,3
2710,0.382901801294829,0.326541704466061,0.571421327159852,0.650718867218891,0.916597946760668,1.23600415087032,3
2711,0.201448125145914,0.266556908221194,0.561656871349658,0.622805219823168,0.866697093408436,1.19918084622571,3
2712,0.163608432242744,0.241193710055601,0.54913510874608,0.60974919487937,0.838720969024826,1.19932173816829,3
2713,0.132387463074254,0.228672566903606,0.536858825507934,0.594148605351835,0.835487546228416,1.20295357162206,3
2714,0.14205532791278,0.226041040197993,0.517378207359877,0.582156923881532,0.831751213246942,1.20733513477809,3
2715,0.113106170440887,0.210614792148258,0.523196810908315,0.583861752977635,0.853531532189526,1.23035944946729,3
2716,0.048599274965153,0.142734051611881,0.45201074852881,0.542457006544407,0.825491376197221,1.23452141815743,3
2717,0.0241572718776034,0.123018633906669,0.39649463279763,0.480764690928831,0.787541198531406,1.22634647207509,3
2718,0.0112203937691098,0.113049643684752,0.380305567489961,0.462929949340441,0.771097035303063,1.216888367268,3
2719,0.0309455576008679,0.102689087438917,0.389280863586975,0.451619627566253,0.786603187933329,1.24240421337108,3
2720,-0.0208810398881276,0.0467288082954628,0.355074155788619,0.449566628041932,0.80344981583585,1.27107495291123,3
2951,0.435212351033131,0.416946009963841,0.582188908807198,0.581708596182528,0.932669136241097,1.32376226363657,3
2952,0.358004437744985,0.345584819902687,0.554610674121209,0.557019357962156,0.931289856422721,1.32962960365135,3
2958,0.247123283527558,0.243428700227469,0.472419200715561,0.519278895028305,0.860262827106418,1.25609249510318,3
2959,0.387811809019698,0.356896380789872,0.535735479448996,0.550794972304857,0.865415026204012,1.26454918488282,3
3398,0.555896010801235,0.508998838499005,0.750237109397125,0.775506051816717,1.05745610676363,1.38253847460845,3
3399,0.527989384206059,0.487665476213325,0.696095027280468,0.72343781109497,1.04362034799499,1.39215303514554,3
3400,0.41383709370965,0.423397116889242,0.698188310129113,0.764400676702751,1.08630337250141,1.41793446840383,3
3401,0.343016531699116,0.365320352074714,0.670034780795715,0.799628088480626,1.12771439734552,1.4685998434981,3
3402,0.262274173416028,0.308419027830019,0.648213221473089,0.795288852654514,1.12934484657624,1.49143745303257,3
3403,0.26971123749112,0.300889027633478,0.581796858652226,0.796157873911168,1.11394820017157,1.4673062283786,3
3404,0.179034267220418,0.25646754054503,0.580946630359281,0.812399005375866,1.11616049133867,1.46792865450246,3
3405,0.211122557626847,0.265414325011864,0.582804658402713,0.749720381262723,1.06680467533495,1.45247113277208,3
3406,0.166419180068339,0.251870948855853,0.590460693315762,0.814909423763704,1.16663395552057,1.54031705074296,3
3407,0.167270266979779,0.266632256910703,0.597503851467094,0.826809200928962,1.1632616976839,1.54340309332946,3
3408,0.122847186478701,0.241308025762774,0.596322830814883,0.823900883312488,1.16100319442182,1.52913893506031,3
3409,0.103688019888477,0.215602866317579,0.620479787291756,0.768317576326698,1.13439884414997,1.50526262900173,3
3410,0.116684804392339,0.221429327623145,0.56286538400649,0.759151239432647,1.13412396572142,1.50331255147374,3
3411,0.320279222584854,0.341444060278685,0.646702719739002,0.773163455384334,1.13335648825389,1.49200864366498,3
3412,0.38560648141971,0.391114058311451,0.664786453915797,0.768710871021728,1.12463025271858,1.49481876072406,3
3413,0.543729994207109,0.467628255498833,0.688276936889584,0.769290204445643,1.10869632718376,1.48755328941073,3
3462,0.506762936808216,0.462894534625183,0.678834026844859,0.751778744651908,1.13086374022071,1.60335997471289,3
3463,0.450981498763088,0.419013701616594,0.654811410972825,0.713095049695643,1.09793046560257,1.56157089773602,3
3464,0.338790958653022,0.386141706150032,0.681025653468954,0.750972146220401,1.12067583871909,1.54911931151064,3
3466,0.138820182172471,0.270605135199529,0.622548467005594,0.756423952746722,1.11389650553889,1.53421606142772,3
3467,0.100978391495557,0.261499356556532,0.608489876007479,0.73386456430579,1.10536368725886,1.51627130021604,3
3468,0.0934825006351132,0.262806350763114,0.611673436210132,0.736588972028449,1.10622049396031,1.51875567709506,3
3635,0.602069330731089,0.630205743195858,0.812341244914087,0.830618920245462,1.0460258881948,1.36022612879489,3
3636,0.521728750752112,0.532551490757132,0.742122744602186,0.818426705682682,1.09271427275641,1.42653097116382,3
3637,0.404970161588424,0.44150269366839,0.733417319571106,0.780675571243794,1.11241732962814,1.45328438513597,3
3638,0.389737170289757,0.463351825570759,0.780162250282968,0.82805874412187,1.11651080864772,1.45127846223054,3
3639,0.46226762993652,0.5072281456462,0.802403676424932,0.857337219867402,1.12587511544485,1.43308344873264,3
3640,0.588655256244321,0.534991224240163,0.79963370165838,0.863087654875927,1.13002432718049,1.45792745491186,3
3641,0.676034116958057,0.578150048156847,0.808723447080281,0.914938647684226,1.16153257682562,1.4849166607161,3
3642,0.720745087846734,0.597844942802549,0.811486724740709,0.900780674312786,1.14271791579946,1.4440781214237,3
3678,0.733124660790952,0.683574697387466,0.896518999756811,0.900885548845839,1.16608685729274,1.54209022825505,3
3679,0.649860967603948,0.65696529310603,0.888018450670775,0.890479857453832,1.17508879800875,1.55191904005267,3
3680,0.630413098190386,0.634123721224821,0.880246114069275,0.887994777645249,1.17813683025982,1.53694480021145,3
3681,0.626570859464677,0.631145039597482,0.816415519831901,0.869980270044503,1.15536094679724,1.53575719918129,3
3682,0.562625101472796,0.597362533416175,0.843939214913033,0.913981632122068,1.202909336375,1.5524948145785,3
3683,0.455480693219967,0.527274570186836,0.806405243665301,0.899192035900621,1.23462031818745,1.57260596100277,3
3684,0.3897445445351,0.473173240046171,0.782353373173108,0.899978960808476,1.23061281187816,1.56778093461479,3
3685,0.315394802289649,0.427248427373743,0.780606285025417,0.939891013361645,1.24503630137735,1.55028432103188,3
3686,0.267732300262024,0.382003202020228,0.710711371306541,0.894031268345323,1.21891037257067,1.56801188028821,3
3687,0.218487002939631,0.374210564090986,0.723322606999714,0.901320641884947,1.21456681477846,1.55146089139452,3
3688,0.1920077299483,0.369810028554126,0.71834464989343,0.919044482503221,1.20308189511587,1.52288819503539,3
3689,0.182443325105586,0.36236804549728,0.712089844537076,0.923250472160915,1.20884292506766,1.53963632747105,3
3690,0.150952030129242,0.347693988835263,0.71863425952375,0.90671161516264,1.22295728246883,1.55507887130596,3
3691,0.127028939432235,0.325754628281876,0.694030665465344,0.914606653503403,1.22702811427301,1.54886763310083,3
3692,0.123582046486696,0.317012657453376,0.68215705864174,0.897408474310011,1.20863506570082,1.51712199510783,3
3693,0.136917753051863,0.327594276413311,0.672534243490615,0.884667216391568,1.19295226386933,1.48305443229402,3
3694,0.134811671021624,0.331562037910303,0.696472278032504,0.90090764768431,1.21278755770895,1.52617292931349,3
3695,0.130200765013081,0.334132412728527,0.715904779952317,0.907623042310783,1.23438328321073,1.55526638849958,3
3696,0.082095732749276,0.303791830754786,0.698597785942482,0.907138483591353,1.22866545988678,1.55155886921034,3
3697,0.09453404377054,0.30780231310155,0.684897452577407,0.921579894601445,1.1966863936987,1.53425819162247,3
3698,0.118181178134922,0.319379053027067,0.685516845308195,0.908273334924389,1.18066808434154,1.52798554260114,3
3699,0.10851638433442,0.324047639345179,0.69870274186393,0.907644568596889,1.1873004795183,1.52074447643676,3
3700,0.0854041860662153,0.304542966211095,0.694225192225707,0.898183814175477,1.18990079174816,1.52086034334822,3
3701,0.0444292499341863,0.265780427846973,0.656588902153792,0.848766198479816,1.1656944943911,1.48264431565323,3
3702,0.0379775185313038,0.25076191705042,0.655439150394592,0.837610609224163,1.14402747703657,1.44808309741506,3
3703,0.0142605198771343,0.242796940413777,0.644988842455927,0.839613920531574,1.1453412171656,1.480161804659,3
3704,0.0197742398050856,0.239120728541659,0.66557523189947,0.818590541519904,1.12754360871105,1.45042898680302,3
3705,-0.00753913105175848,0.215385551605073,0.626358089973015,0.84055242239233,1.0995783829684,1.41555731631784,3
3706,-0.0411717349843398,0.207278534831492,0.593042173792188,0.79449367165692,1.07584661532566,1.42171779480811,3
3707,-0.0462074082074887,0.199170016733843,0.611976143577856,0.769489449561275,1.03975758365136,1.36618514379887,3
3708,-0.00951993453053318,0.215107647427885,0.614128236350357,0.78032422604451,1.02839704356395,1.35179961611206,3
3709,0.0781085676987556,0.274275630656563,0.623208870880249,0.756085373890339,1.03087206556274,1.38540044448105,3
3710,0.106560844092094,0.295358598048738,0.656231474166117,0.76121789433993,1.09560967348891,1.4846858587206,3
3711,0.0514233195027945,0.235218568354439,0.643406522409193,0.763438457534196,1.10295306244282,1.52885344578579,3
3712,0.0209920899735471,0.237958776868746,0.638403748605546,0.752090016645833,1.10319482495596,1.52001008903026,3
4073,0.227506591341681,0.234169417382253,0.382193036641468,0.487499155221971,0.797613596935431,1.27022495671872,3
4074,0.193899310247952,0.187323354537374,0.377002602326279,0.496121622587764,0.798625383182243,1.26046905320577,3
4075,0.137750497020251,0.142198924063139,0.349640316939018,0.488777470628658,0.79292430277243,1.25272951244218,3
4078,0.0411103996359466,0.0629941473909799,0.281008155422734,0.426340830650784,0.762955725743571,1.2483101331982,3
4079,0.0765407179197523,0.0892573924860272,0.301918546747336,0.435854727824354,0.767801588095153,1.25945705209926,3
4080,0.109316289701853,0.10639102893788,0.298955819384279,0.436622908249609,0.771402962141888,1.26499497991973,3
4081,0.0905967292900233,0.11065056445007,0.31246693512384,0.426878593280813,0.770807917068004,1.25595247256325,3
4082,0.0502256397615872,0.0866619238520099,0.30598692035624,0.428787214401323,0.774296418630356,1.2502065726744,3
4083,0.0373347967886246,0.0764197232297421,0.302779311965803,0.420534785667017,0.768463271709526,1.25192283400661,3
4084,0.0614184154504052,0.0877197843875841,0.307962202644212,0.448215976321084,0.776088617310789,1.25533091999645,3
4085,0.0742638956821496,0.0969537186809986,0.305551869708595,0.454056812253825,0.781650235851076,1.2567944323221,3
4086,0.0440378873244364,0.0945502870995721,0.326550299306146,0.445434364692359,0.782495703727682,1.24945571344371,3
4087,0.0464108712957772,0.0892614521552955,0.32683999982525,0.454200049402719,0.775672610001391,1.24849178805484,3
4088,0.0290335056140873,0.0811208373684039,0.320958255041373,0.437230920876709,0.773566948607356,1.25080134238406,3
4089,0.0600511538680467,0.0752015228157791,0.311573598617788,0.428354089848948,0.76511818777483,1.25506589407193,3
4090,0.0689739591702043,0.0736351708067449,0.29581187965932,0.425476547819974,0.758390326543861,1.25750524101452,3
4091,0.160455918383635,0.102383733485526,0.293953367777447,0.413687096520774,0.75184491554564,1.25007614528023,3
4092,0.0606937490054954,0.0758920374672753,0.293443417129112,0.397628885932103,0.747483617657194,1.25085484407992,3
92,0.461543286837042,0.478344267901508,0.683382962663739,0.685558596052651,1.10578987001304,1.56793497259181,3
93,0.411009753363797,0.463047701175761,0.683513852461178,0.686396295333495,1.11820048576174,1.57113056593017,3
94,0.41432378804301,0.459260158720251,0.689486064164355,0.693753088984245,1.12789332671508,1.57967053503266,3
95,0.426631949934511,0.473144306272564,0.688382851143187,0.706385580168054,1.14301394849707,1.58354199633543,3
96,0.429809875610139,0.462949542920002,0.663596526774222,0.69436789457583,1.1432382376046,1.58084534516444,3
97,0.436824987244292,0.461298174656962,0.663500758936105,0.699129110214677,1.14595466968997,1.58747239335809,3
98,0.433119770504835,0.471316441509107,0.673459215793135,0.694930570085642,1.14870887378855,1.5782025180754,3
101,0.377948031410011,0.460006043330454,0.705461778402617,0.719793678713219,1.13864326122653,1.56641722892012,3
102,0.363548058373847,0.452042001227781,0.707472027336733,0.726292661794883,1.1301712840531,1.57080675213975,3
103,0.401246742109255,0.451681139809128,0.684903441304932,0.708750472160175,1.12501184063016,1.57199849587012,3
104,0.406276257597175,0.439521219958132,0.681997403878711,0.743160668402951,1.1486560545454,1.57147156191408,3
105,0.475538265123856,0.470594538430924,0.679778642808258,0.753868735961766,1.14439277506991,1.57232178172766,3
827,0.372563043139753,0.367615615488899,0.545718401966738,0.568484988696276,0.905074168186759,1.34398990075724,3
828,0.313969361046373,0.317960034835923,0.549137250054236,0.579942611089128,0.896782835669508,1.34586953066879,3
829,0.272556381043138,0.291891726433624,0.536670956199437,0.577370560048409,0.891703946429927,1.34567527657147,3
830,0.221255978792788,0.255213159706599,0.480342561196241,0.536810894122706,0.873669950620967,1.33257158547321,3
831,0.043693844015503,0.0879692521294682,0.382527775838667,0.474165527561504,0.830682511689772,1.30778223809124,3
832,0.0105689183576182,0.0569453165866924,0.349211576850792,0.455998039400166,0.813147443219686,1.28653359364952,3
835,0.0538681727399067,0.0963558154799566,0.38861507847025,0.486506730271787,0.83921966779278,1.27608525057977,3
836,0.143434397380463,0.207852562749337,0.454752533378057,0.519623045173716,0.855574078174864,1.30948093338355,3
837,0.170352518809679,0.160035457204372,0.425473324646066,0.510208922153554,0.880550976840692,1.34117072915728,3
838,0.184338188806624,0.179768183483374,0.436311262342424,0.495319981923373,0.869120313883718,1.32035100938248,3
839,0.268009380485185,0.211223350788895,0.457692176037687,0.49850443466756,0.840772361405678,1.28191594516142,3
840,0.256903614330694,0.207034388693761,0.468289095277863,0.539714326716854,0.854878662851109,1.30435837867643,3
841,0.149590180417944,0.181155510564432,0.447131848228843,0.502970234581424,0.868244593779414,1.34464597474491,3
842,0.168856269117644,0.190441546157062,0.450242519315303,0.519311642801345,0.891886312574321,1.36095430647664,3
843,0.227856961331697,0.260586834671061,0.496595490031382,0.527540406533999,0.912860820626421,1.35835426337686,3
844,0.227856961331697,0.394929351646502,0.538843245078248,0.550287890873672,0.934617103068024,1.34677413566037,3
1399,0.326200718365515,0.329591233090479,0.529554701656353,0.553840570399403,0.876705337361923,1.38004023688682,3
1400,0.320756392224266,0.338731770334522,0.529787105407456,0.544365897182977,0.879976200240902,1.36801423660931,3
1401,0.303647215379812,0.347032937853151,0.552403239001639,0.536890888430052,0.867629865964089,1.31920932338845,3
1402,0.302342969149165,0.347743236314143,0.558951827266667,0.543632243212812,0.866183828736742,1.30924367548066,3
1403,0.31788324070732,0.354045530826921,0.577605252722486,0.556709710791658,0.859794976403232,1.29671036486876,3
1506,0.23922249272162,0.279152923184931,0.477267303906445,0.520469448814503,0.826130095633959,1.33059666166823,3
1507,0.234026068294702,0.248735174268853,0.453059801680232,0.518382581910782,0.831420029168575,1.32835704309802,3
1508,0.258697933278587,0.260958096672213,0.450889001835987,0.505620586428012,0.828136390177955,1.32960001373121,3
1509,0.248714664021523,0.296431734439077,0.46353056704108,0.504545969220806,0.823804828163077,1.32732124592622,3
1510,0.217606958399404,0.275443406501781,0.44497148874858,0.492180543826975,0.820498056287761,1.31888368869838,3
1511,0.167371251071842,0.245508855821472,0.432992383463906,0.493403766292595,0.823838888236753,1.32284563078682,3
1512,0.17748598223452,0.230392280254336,0.417772734196165,0.462941485131479,0.825527260306376,1.3179398328833,3
2618,0.287809853084068,0.350316671409807,0.500897874485264,0.512830540538843,0.744146630076279,1.15714915023372,3
2619,0.214472238443717,0.283448467505017,0.449547996373587,0.499718668485633,0.750787463401985,1.1699346442915,3
2620,0.204274874254493,0.237153829082488,0.421153884255563,0.480600797364664,0.742709427271609,1.17307323809407,3
2621,0.20091432142928,0.21502374512788,0.408181619815882,0.446137464944074,0.769713937333982,1.23243652303244,3
2622,0.209139387356603,0.192586537685969,0.373595442008035,0.438288660844713,0.785102920014369,1.25332945556001,3
2623,0.208879298830223,0.188626553159243,0.366711431957021,0.431531923441423,0.786396083711801,1.25572430118332,3
2624,0.179913443771596,0.178865277129892,0.374828088655439,0.431124378102459,0.785995576506603,1.25998833356702,3
2625,0.164453200301512,0.160745479200663,0.365136564709967,0.412822721675056,0.779481468154748,1.25820686612639,3
2631,0.0569874481296051,0.110468676808921,0.290878357814,0.366878884169756,0.690410653583379,1.15602709134577,3
2632,-0.0229713046444307,0.0347145017469748,0.224341381593073,0.322718753954625,0.670924812178163,1.1753172843131,3
2731,0.160610650766562,0.170054693782944,0.375249668050216,0.45672137556044,0.819807050161367,1.29507393456765,3
2732,0.107498352914946,0.132847234933262,0.364093029613776,0.455357295053725,0.837822985176595,1.30629307148709,3
2733,0.072405330212908,0.118996192029425,0.364971735765991,0.465049673800409,0.851627474250852,1.29615585273343,3
2734,-0.00849589523329124,0.0936419510746198,0.367844043377123,0.47836478465317,0.860239875414524,1.2957925889637,3
2951,0.243491610254665,0.289105755008777,0.50009810104796,0.542922848403644,0.944866976489483,1.3734390875975,3
3638,0.058635787632744,0.072523228544543,0.301680518623158,0.343596985666553,0.750347773393053,1.22989116918847,3
3639,0.0484898544618029,0.0823879829714548,0.29576533924269,0.36351280252569,0.7455143913754,1.22220325078707,3
4486,0.375296499286069,0.474232529607597,0.615256822593212,0.703161581255299,1.08898975878728,1.54102836480455,3
4487,0.348243758378372,0.448197079897857,0.637140564122801,0.679549616734453,1.07158331016554,1.53955050774714,3
4488,0.353865645480734,0.442654621952227,0.666920958943829,0.683342351392638,1.07781829971296,1.50383234999734,3
4489,0.362974026814785,0.448836019337442,0.666061024376993,0.667726874077667,1.06971314132953,1.50243769925602,3
173,0.404827241495778,0.48560735329214,0.666319249794282,0.700266595765008,1.10631412054317,1.60536219925717,3
174,0.410662194498498,0.483159266309637,0.666318732709201,0.69953778713072,1.10570419453514,1.60152594522598,3
175,0.307279341879914,0.454440254972837,0.67814290747974,0.705422189053008,1.09880577063172,1.59714625650157,3
205,0.357011219672344,0.379650211086411,0.59469839029042,0.645822959041023,1.02625656701478,1.53496077059671,3
477,0.509394243587465,0.571206858423292,0.745915886553646,0.748768963103216,1.01436079729207,1.38804063154586,3
478,0.386345065230166,0.481012596636706,0.680244068584338,0.703766799238527,0.983003812054942,1.35322650501069,3
479,0.315492294539232,0.426751286459091,0.637282280420572,0.691791044269758,0.962627587568141,1.33280273052497,3
480,0.315049947766024,0.419421101286896,0.61144510698836,0.676672904113292,0.968085689483766,1.34882570330741,3
481,0.355549576843506,0.414754943369278,0.572467439707211,0.634790343518305,0.974547836979119,1.44317683902415,3
482,0.368944804334591,0.43489650996727,0.595571810048677,0.669898424166895,1.01795485860351,1.50833376104607,3
483,0.327712910187678,0.45239351224302,0.618138817867846,0.692879697682664,1.07015069243913,1.56810987231494,3
1091,0.0763297390258986,0.264874405248995,0.369076724394033,0.395441079939446,0.845748843925357,1.31660962658105,3
1092,0.0763297390258986,0.263413561569257,0.36895417587793,0.396929451052183,0.84438006930005,1.31696911160464,3
1093,0.0763297390258986,0.271614025131171,0.373099567504473,0.399891229880917,0.857733652637265,1.31877658452193,3
1192,0.282547990481987,0.345627712710152,0.516730616582371,0.524334320633076,0.947194915459318,1.38360725547424,3
1193,0.190803591873442,0.323729622080053,0.516973521916976,0.550132287269793,0.965837620474827,1.39595371220901,3
1194,0.150675875273239,0.302367372171143,0.516296188119455,0.56934939745282,0.989316975829305,1.39270624534905,3
1195,0.11988073644854,0.271055215467031,0.496079032923078,0.559542164616612,0.988131862003555,1.41100630175417,3
1204,0.201575122333992,0.269212954395897,0.513035175306896,0.588710582983491,0.9983351618446,1.40216577983795,3
1205,0.307361457890903,0.322632880593259,0.519272472102031,0.552423390258591,0.989576530855466,1.41006012235768,3
1208,0.235566012397408,0.352147067580571,0.5479131469754,0.539175257360686,0.952665832046739,1.37792685271387,3
1209,0.1926513310313,0.317596345351556,0.515529094769616,0.543844458080424,0.961651363796078,1.3746850720129,3
1210,0.146190420354464,0.297257251619278,0.495854708335879,0.528382126432261,0.970453455343645,1.38862668381755,3
1215,0.0788456792140653,0.230081242480074,0.458449411011483,0.519596682666319,0.960480149819425,1.33973658955614,3
1216,0.245061449401997,0.274466306802652,0.480250851231945,0.518785716865947,0.895990150779361,1.29295603568507,3
1217,0.320080116685806,0.296987809164873,0.470383633713353,0.495887856825668,0.917321561129087,1.28644690126244,3
1591,0.44508536788398,0.481899313845622,0.669372622516665,0.711572644233318,0.875992867842467,1.24510055307837,3
1592,0.438465476436853,0.486208910921499,0.672173767930057,0.714306293621969,0.876083953732397,1.24345074043882,3
1593,0.435729854671178,0.486416208135867,0.672532851861933,0.717391519355412,0.874036976012562,1.24299686208937,3
1594,0.432643756953992,0.490442905534202,0.672737885761326,0.716527702882638,0.875830283756614,1.24277685231925,3
1613,0.262621258127989,0.317356827226857,0.460817650040916,0.520978876095432,0.838779873060802,1.25402164578637,3
1614,0.134614601897952,0.21649444284578,0.411477244558875,0.512711668637996,0.840436170605304,1.2605017751982,3
1615,0.0871888929036503,0.178565931222053,0.389302996843444,0.489019043347142,0.82691734864948,1.24778803468909,3
1616,-0.0189621304608949,0.0977322580812037,0.328219808357107,0.488810750447541,0.843706548760165,1.28589830509846,3
1812,0.391209609528489,0.426380844892877,0.583186115418306,0.623525441402418,0.83355987669162,1.19937857229425,3
1813,0.296775190214836,0.365462508002232,0.545443863924995,0.584479879927613,0.821398920289185,1.17416370447561,3
1814,0.234710170546846,0.320762943893584,0.519136065222122,0.558259908756246,0.822996207938492,1.17331532176671,3
1815,0.166670101125067,0.262053497586257,0.493308969197598,0.558561287560986,0.832591199780258,1.20949690734286,3
1816,0.00394486929747959,0.157918352515728,0.435149436528595,0.534109889657873,0.865474483351905,1.28875223471741,3
1817,-0.12326961611095,0.0723772743225986,0.371045424714556,0.513700130392583,0.857898956373653,1.29554596646672,3
2019,0.322351536939882,0.301705444478562,0.486034306117197,0.472207877712864,0.827551923621357,1.25104134277199,3
2020,0.190350715896404,0.238830616406576,0.463123035094687,0.462857552783801,0.81794602422085,1.24424032968353,3
2021,0.00890500579044369,0.0984880156261511,0.366528809177652,0.399119745428499,0.821536433696007,1.25224187480219,3
2022,-0.0309794328608726,0.118566990610469,0.385906841444133,0.390872900219087,0.817917371888446,1.24715167074169,3
2023,-0.0724497808985119,0.0834413469829473,0.364678744763601,0.378194069322307,0.821608302510551,1.25218232946207,3
2024,-0.0784894858822018,0.0788104693697431,0.356186978136203,0.386571915473454,0.813531694523205,1.24326923245785,3
2025,-0.0600938204647693,0.0852315675431747,0.364301544678701,0.38330804913325,0.812901581918782,1.24205421262958,3
2096,0.244167279788647,0.286988201999324,0.476331594207077,0.443706055158912,0.719356725058783,1.17016745295723,3
2097,0.185291034774579,0.259485289731558,0.48812411678813,0.449025389794925,0.724189550921052,1.17137735487894,3
2098,0.14696239226809,0.236003895558871,0.473934948136404,0.448397161744942,0.720908974633703,1.17428013882387,3
2099,0.159453193345474,0.237548412291277,0.459635031832128,0.446655260679138,0.718851748807674,1.17674500671662,3
2100,0.164866322662227,0.238124404470456,0.455236534454254,0.45152730354599,0.720173849927302,1.17357549549094,3
2101,0.138867702107018,0.229861359039505,0.451066869787253,0.447764775647343,0.716872161942292,1.17910018176216,3
2102,0.107709843892525,0.195345013265377,0.444404170023999,0.438117833625852,0.711133444825595,1.17766266853565,3
2103,0.116901676038232,0.197461047577646,0.443230866018674,0.442412716354364,0.712881675349689,1.1800165345277,3
2104,0.124042544827198,0.193419604534398,0.454485814985302,0.45092304262632,0.718550958712387,1.18020590489467,3
2105,0.11636382084451,0.186742736679242,0.444816000493801,0.450983817045922,0.714233031918622,1.17560593628719,3
2106,0.0537207813645487,0.163011628175063,0.434140091273711,0.454066167494588,0.712822125453088,1.17728862407021,3
2107,-0.0265355694218539,0.0983418445062285,0.405657773519918,0.446876003291556,0.710337673041099,1.18569543258915,3
2108,-0.0794694107510247,0.0736678764012729,0.372433821631337,0.458693911821362,0.728677654946535,1.189857891746,3
2109,-0.137936909299103,0.0591502317979706,0.362164673665764,0.457772040269438,0.741429870235764,1.20609292396201,3
2110,-0.178129217141349,0.0310711239076914,0.36058912700368,0.472445672999868,0.755899578190717,1.21903955662046,3
2111,-0.237085202134939,-0.0246509952999309,0.322598792208222,0.456781993339944,0.755775317105364,1.2389346392377,3
2124,0.301910558876235,0.270912956388093,0.445178203012122,0.514456980470045,0.830597186086636,1.27238882588125,3
2125,0.275546846003045,0.258073400802825,0.448345098122049,0.517607491231002,0.832327058425748,1.27084957625128,3
2126,0.16289232085594,0.191746975882099,0.443316959669558,0.541125008480082,0.848616863910822,1.26836992881221,3
2127,0.155832502694996,0.18159060564136,0.43746345145719,0.533700149897129,0.848950244937191,1.26750243491886,3
2128,0.165238055677981,0.182316737337996,0.434809825054712,0.532559192891131,0.848046636948127,1.26632961764185,3
2129,0.166054034256803,0.18218833538004,0.430370780298553,0.535090775643116,0.849596093153528,1.26960360393971,3
2130,0.165979539682848,0.179939239237262,0.429518034554937,0.536075847891461,0.851312906021145,1.26975457384902,3
2131,0.161377286961498,0.17693450844297,0.431460191022305,0.536132572338932,0.850509047684001,1.26759823428447,3
2132,0.168313413699174,0.178191084502149,0.426881118656185,0.535937634976014,0.850041655116546,1.26904436399536,3
2133,0.166243170925825,0.179770444035779,0.428264961229258,0.536239106335327,0.8480367019123,1.26747583895031,3
2134,0.172419126793287,0.180132181072481,0.426006571771527,0.535132663477759,0.848156888923027,1.2668555638877,3
2135,0.160349818779491,0.177737856870786,0.429754262054771,0.538952736277007,0.847815573980578,1.26370667384505,3
2136,0.118381536767015,0.168363272316647,0.446375730612775,0.54734007983521,0.844333529522748,1.25569673413256,3
2137,0.0647556128929388,0.156732695875934,0.445223411519123,0.550597923240389,0.845336774249432,1.25386620666425,3
2138,0.0251043167680204,0.138921685968841,0.444755108931661,0.54820628488775,0.850638230290833,1.25483365324202,3
2139,0.000142447192877897,0.115091933949145,0.415649307163375,0.536976102136877,0.847552222724699,1.25675384835101,3
2140,-0.0304521802387548,0.10251146082719,0.412955217492613,0.535335467019626,0.854557196216308,1.25880359930795,3
2141,-0.0274692270793629,0.0956811615045691,0.411440904550043,0.539593920814578,0.857217290923407,1.26594020678795,3
2142,-0.0116510992269197,0.0980942543622191,0.402231351694323,0.533020970944247,0.857963655652234,1.26692933313236,3
2143,-0.00264547391262943,0.0998558103579564,0.405084458973853,0.536573944453257,0.858457220991131,1.27192915059291,3
2144,-0.000937907328817372,0.110483663837316,0.409986376545103,0.532200371759479,0.852118299849518,1.27587852063861,3
2145,-0.0247603030776062,0.0897610447357399,0.40259456767241,0.520039459026741,0.844538425938504,1.27519495014721,3
2209,0.166709310412382,0.210250400531856,0.411911790481529,0.473138950176416,0.840383149014695,1.34302814748724,3
2210,0.148966056166072,0.194895930592162,0.398750509015329,0.458958145930562,0.831147315079601,1.34326217273898,3
2211,0.145895580661,0.183195269680274,0.387876306106498,0.460649116752327,0.843940814854005,1.34260338926649,3
2212,0.160065310855177,0.197248366699165,0.397777607007352,0.462871080404662,0.8320368984672,1.3409367730566,3
2264,0.121686390627954,0.215821963139151,0.436513606063945,0.487688053377672,0.873188419707856,1.27457512464518,3
2265,0.0662077761735428,0.188027702788232,0.40426756783529,0.461493866687804,0.871734407131594,1.27619633599354,3
2266,0.0556836211523317,0.155810850770236,0.386422361668711,0.444996878586993,0.864835649057941,1.29474470528552,3
2267,0.0973255761378727,0.16143828320564,0.361366555638649,0.440185997346685,0.868963547411614,1.29684810455065,3
2864,0.614983996468442,0.660390063938069,0.894389777658149,0.858241940762544,1.19182737311294,1.63411958466772,3
2869,0.559848665081496,0.664003186967285,0.859249980040253,0.829716929562913,1.17819162173088,1.66686748374598,3
2870,0.458755731445714,0.612518301531666,0.858203764223183,0.843018212553479,1.19126076319967,1.67068052609607,3
2872,0.535558635471174,0.632861872683709,0.902703603455191,0.876776160772593,1.20187703226348,1.66795041247339,3
2873,0.501824003778393,0.622731309980516,0.858748416926263,0.847798742883388,1.18106340036286,1.65523303281751,3
2874,0.413672236853081,0.580416017598677,0.864013324491717,0.854873991171734,1.19091084481471,1.67071279903159,3
2875,0.39209696370528,0.540042302155168,0.86889671857424,0.857454893462273,1.19627369592307,1.68329958245807,3
2876,0.476057004965499,0.587217725342195,0.837722430320634,0.826459362510296,1.19821592979432,1.70622277631408,3
2877,0.419270500140008,0.558472429828685,0.874359498328838,0.848961154876892,1.20978782764322,1.70186027759152,3
2878,0.392850466492609,0.544361815030214,0.87431435199007,0.862510899429377,1.2150192576966,1.70306275310578,3
2879,0.387632667418393,0.54001411412859,0.877543672106667,0.869142698742798,1.21766274000841,1.69028080499668,3
2880,0.383139255619438,0.537194498706899,0.880220492522313,0.874554422889758,1.22166427657894,1.69227561772397,3
2881,0.373083936797211,0.538073742096608,0.849145482647446,0.864882802828622,1.22697716053901,1.72014145192803,3
2882,0.344597267710753,0.50844325271211,0.858086499994678,0.876998489671271,1.22759908079904,1.71977989127756,3
2883,0.326292284542168,0.514036473082022,0.859211680747646,0.881040030009578,1.21950441740403,1.72032630776386,3
2884,0.320992796136942,0.497069276896786,0.850350752306329,0.880026968270007,1.21261738154083,1.69672223365102,3
2885,0.28665119415789,0.483418544170763,0.849783347905646,0.881632729326497,1.21460876914468,1.69093515838665,3
2886,0.267701873995155,0.472534347624859,0.839924804894876,0.892252876776136,1.23595903155596,1.7069979315298,3
2887,0.262273303972302,0.464055200093311,0.831569468185876,0.885227677475972,1.22947651531962,1.70226393873761,3
2888,0.256830461453848,0.447835111775503,0.82255405837493,0.890777594043091,1.23980739153717,1.71769134556856,3
2979,0.534761427745095,0.682425626491077,0.899975173357478,0.86417936670324,1.23873092357998,1.75171073519084,3
3181,0.236528978483919,0.337204207065358,0.536614867677746,0.588558890082551,0.960037856681768,1.44036867769536,3
3182,0.217254094145049,0.30425366725338,0.496104373321475,0.565793852073972,0.933680160334559,1.44213766012732,3
3361,0.55236768951027,0.63777057128917,0.817269987160026,0.83718795276239,1.1297578904892,1.63513483512611,3
3591,0.162477819632155,0.228219824503036,0.393697465655747,0.538200154307619,0.862319542539895,1.35145373769761,3
3626,0.181255090581841,0.250581149299117,0.463576027123833,0.551633922871896,0.87009517714625,1.373348255803,3
3627,0.122812461985716,0.199110888284987,0.443964396367932,0.538549973841441,0.864376000882053,1.36817258304682,3
3771,0.308918313176049,0.415969514854851,0.645034044808168,0.647747639638997,0.841375059075657,1.17490092810873,3
3772,0.276050645226129,0.374592347561831,0.6136363082399,0.621378614562435,0.82829757648957,1.16383323810476,3
3773,0.218106928420484,0.332093484224684,0.595357730293196,0.596259805847901,0.797779826748978,1.15895162303959,3
3774,0.242310738365465,0.330863537718623,0.598019181711335,0.59183763455553,0.807394597062742,1.2022760068822,3
3775,0.193146942077653,0.345777336355053,0.613651870435565,0.607474992200537,0.897532296289339,1.27539774381787,3
3776,0.3946220483132,0.430599262818019,0.618660448571727,0.592843752438375,0.872814245285323,1.28456152629055,3
3844,0.423535541831595,0.476876925430793,0.685006461505975,0.686606828717135,0.916580594305718,1.23315079764129,3
3845,0.224824625762403,0.368595490010318,0.663422720872188,0.727864464643518,0.948726430193735,1.26809820361684,3
3846,0.172169716579038,0.351966425563188,0.644350386726709,0.71646869274267,0.950189235101606,1.27805269508267,3
3848,0.302998140740004,0.396002251114317,0.599167260809489,0.649219013939753,0.927198082300056,1.26986318581815,3
3849,0.327211787911934,0.422811217343072,0.58527290146974,0.632920600754775,0.910249866476138,1.23544107564676,3
3851,0.154554025548483,0.282957034534315,0.541343741960107,0.682588325331775,0.942978426241861,1.28049169601102,3
3852,0.461494190789564,0.494620973538389,0.683642899634066,0.667614159129147,0.920083591279598,1.26793913769412,3
3882,0.445287502890279,0.423706955302253,0.589215082554974,0.623847366856038,0.908015579193434,1.26407954212019,3
3883,0.416593559367264,0.377781239682406,0.562274549366841,0.624885517581522,0.901924887402975,1.25616617775203,3
3884,0.363856712120736,0.345000348992722,0.551097308649186,0.61590238344809,0.893093624741429,1.24807320873924,3
3885,0.376379102272454,0.361546833055367,0.545661791088614,0.610817634573346,0.89134969957813,1.24742956589704,3
3886,0.392974582572112,0.369744535508729,0.545182166753407,0.619173098562809,0.902857590667192,1.2623293231318,3
3887,0.405137654371515,0.346181693037714,0.531110874656102,0.610290071590081,0.898800598019675,1.26068421006508,3
3888,0.392788271336775,0.346870241061175,0.519989601859647,0.582354988725111,0.886259240307573,1.2467359178453,3
3889,0.364544544013861,0.343688837003102,0.530249795401235,0.59116439247503,0.903443727557569,1.2619147138948,3
3890,0.359454740701617,0.351913319881001,0.533164863480957,0.582521175943758,0.90400279484755,1.26525262577469,3
3891,0.341341093547535,0.352650942353484,0.543995165138086,0.610458843257865,0.907926526835968,1.28032812932107,3
3892,0.317721651773833,0.341155096481437,0.549623724333562,0.604610843001754,0.907494620531441,1.28030486659818,3
3893,0.274289230311912,0.310651142743066,0.544789474882299,0.587085187542955,0.897633498668509,1.28931258129591,3
3894,0.243340079588118,0.302895697031515,0.546775830018836,0.57311056453722,0.888473162356928,1.27814162691961,3
3895,0.24160232787104,0.293551946227474,0.517191354342937,0.553037075160858,0.859947042960681,1.27003557749861,3
3896,0.328290982651695,0.31472537694204,0.529817536429365,0.580650936944744,0.879580505068617,1.29819836896852,3
3897,0.295479430871956,0.307197718729351,0.513186252796806,0.547911264059558,0.854530521354294,1.30587514782191,3
3898,0.259167636510159,0.281579711120582,0.478581465535801,0.535825318118173,0.867558566308108,1.32452092055368,3
3899,0.183156209393431,0.237752935567248,0.42911935375674,0.543528771119615,0.892155421094801,1.35922392293991,3
3900,0.165522270621051,0.23648592072287,0.467338630405447,0.591562532049498,0.952424866031011,1.37804354741776,3
3976,0.151201959414426,0.196425722760289,0.429766408020923,0.437498513791777,0.804980739890709,1.29356844044102,3
3977,0.0768091266505843,0.142515638751191,0.399710083841206,0.419383337218009,0.802924151277007,1.29357948900479,3
4137,0.444130358302983,0.452285468619926,0.611122330339623,0.627048291931721,0.920592723074135,1.34304370267979,3
4138,0.394177644215161,0.416892735728307,0.605266493243669,0.624690138622733,0.937722784408098,1.36398244198715,3
4139,0.468356025614989,0.44433105153332,0.598418302944324,0.622187046481642,0.938584708798859,1.36157255091054,3
4141,0.437341438379957,0.420082991908876,0.598699463969544,0.617588121826383,0.931363059830914,1.36976478910022,3
4179,0.340653369037106,0.42231639608185,0.557800442984658,0.59696369508725,0.947376741287061,1.42809592722514,3
4211,0.255795723605062,0.300689789352844,0.483750061652405,0.458492922076458,0.758921955598346,1.18519272193282,3
4212,0.255390116354165,0.279905954706435,0.466410678671962,0.446676518959795,0.752843281159255,1.19106907732034,3
4213,0.286834381091581,0.308295955831742,0.480034353537913,0.45525272486817,0.752877805757489,1.19405527413855,3
4214,0.2928267435713,0.299258200184634,0.497601070864641,0.442508280457484,0.748581997012023,1.18719080902775,3
4215,0.246602950594923,0.270800098578993,0.468262649582124,0.442402103123478,0.743743944985417,1.18078471594558,3
4216,0.166387416188771,0.187194613949507,0.3909949964456,0.369274586847542,0.696387892568583,1.13856320057497,3
4217,0.162544528445082,0.172116367834186,0.400320238222101,0.373810895737123,0.72619756114383,1.16590395440072,3
4218,0.137407876286192,0.1536360642333,0.388710139792961,0.361627289280172,0.724970728023333,1.15885438041702,3
4219,0.0756253412916465,0.126817766545227,0.377450865921843,0.377565135912452,0.730250068641219,1.16536410972115,3
4220,-0.0139443720274745,0.0800614983064134,0.365926537661411,0.377306280530896,0.74025866272881,1.1811741558017,3
4221,-0.107097970654313,-0.0067708942667602,0.309595866119506,0.336739232173955,0.714970667829572,1.17238621168004,3
4477,0.433372379908511,0.417396849144549,0.557426698418727,0.61852177736341,0.930318336166093,1.31727835111048,3
4478,0.396721903915414,0.41188512082409,0.567167857497289,0.615041546383868,0.926451989450637,1.31046826033376,3
4479,0.347292608352962,0.392439185692304,0.56873817789628,0.611315169120562,0.933490275130794,1.301878960638,3
4480,0.292639219504106,0.36723634248452,0.566727410431131,0.595711626691458,0.938030882759047,1.29338392416193,3
4481,0.427314829718733,0.40549767742848,0.56490866237326,0.628687033422345,0.938209652383343,1.30694073252605,3
4482,0.489501347414877,0.424287326353669,0.585686224944736,0.640758358776847,0.939146971641469,1.30861094305197,3
120,0.494484610829372,0.525195340512355,0.677332683248229,0.655999758917928,0.986311773383596,1.42472985405675,3
121,0.487042111637207,0.523331538986476,0.702070314964167,0.685217305961033,0.996981061776094,1.43127282246319,3
122,0.499351984936834,0.510673983384667,0.6821960312763,0.666330927552467,0.987508252167734,1.42896741470461,3
123,0.489491019610043,0.505672157702172,0.67976327861686,0.652511719445498,0.983544703396972,1.42838406613316,3
124,0.467698386252433,0.492413946231088,0.669416273783394,0.647656003242251,0.980455981653232,1.4281744392893,3
125,0.414448852590636,0.471225766221993,0.665878451175973,0.651600860622741,0.977779540202943,1.42100885094818,3
126,0.297407034592276,0.420507182062596,0.635729264453727,0.653514595303505,0.994956258814965,1.42419390574949,3
127,0.214412326075983,0.355296997894873,0.604898984483572,0.642592415449766,0.956321816426652,1.41262322587293,3
128,0.176037586561867,0.316021361737693,0.567545391106725,0.621054574359161,0.949539976485056,1.39473628525688,3
129,0.152811995683553,0.283356155208747,0.545907653256674,0.603312694017756,0.949607757919001,1.40623859034499,3
130,0.13185856954411,0.248637142226572,0.511097318201077,0.55984814267051,0.946090756576136,1.40948334364187,3
206,0.257662550964438,0.441538539291066,0.603948927838736,0.636540201354644,1.0424245523879,1.46723865681354,3
207,0.215029778231477,0.404911744676878,0.606455388552749,0.668248596248016,1.05933176112444,1.47200766310611,3
208,0.197635493715148,0.374964861435164,0.586638512099973,0.677222121035148,1.06703150382184,1.47118928133777,3
209,0.136118730732768,0.316063704901821,0.563535232676011,0.685995735960632,1.07201586852396,1.4778645527922,3
210,0.142913340679498,0.320107622049609,0.566622973177582,0.738082506502513,1.1142136496216,1.4952797324196,3
211,0.133835778198284,0.331093998664038,0.56655312642659,0.748051440862635,1.11921750643479,1.48424923112694,3
212,0.104806732674151,0.278576826211245,0.569710033673139,0.731349181754677,1.10492470518614,1.49026600678998,3
213,0.0933889366377193,0.277990059923449,0.545529982949838,0.731684454426869,1.1054325936644,1.49750583136218,3
215,0.105629949648926,0.291520368142341,0.549876370155227,0.732759565876128,1.10428735301915,1.49223271656166,3
216,0.144061715417076,0.25209689212779,0.532514190312123,0.710262223696016,1.0998333957384,1.48256971420703,3
236,0.37408309845818,0.323921362365937,0.541176530298098,0.69542880032795,1.02631312983134,1.42271755498157,3
237,0.500045605260832,0.431945645954998,0.575841563423168,0.679127079059813,1.02616985375818,1.397872952192,3
240,0.52317057444689,0.468523988851508,0.603714758974039,0.676742648444482,1.04450522058537,1.39639937811536,3
241,0.455758358205301,0.420937913914337,0.591781139458868,0.677034255312835,1.06353139073696,1.39346091717976,3
242,0.453203581783641,0.422191169828983,0.59564581544226,0.67794080629475,1.0657285377962,1.38751221636443,3
243,0.465928990922311,0.424518561148188,0.595666631061755,0.683991622372811,1.06524259469107,1.39115615014467,3
244,0.492630499577198,0.433456372228137,0.585148318620835,0.68059613259759,1.05988816240244,1.39999344653571,3
245,0.499210455420708,0.436399316539889,0.575394945345758,0.669338992284679,1.04357460675403,1.39701764221079,3
255,0.494074217167207,0.443168574912843,0.595670155556232,0.662525252440492,1.04752503594815,1.41426604492172,3
280,0.569471368943039,0.45790505967534,0.60248882796423,0.713193389410268,1.10442468262324,1.45944839416616,3
325,0.299180059654825,0.335309870175537,0.55724327387423,0.525447685327564,0.966676939382394,1.42392999687744,3
326,0.24037052098038,0.293426193783528,0.541348742684459,0.531975471466175,0.979072045029777,1.43896965916186,3
418,0.482943437872717,0.50764369264474,0.673086481450939,0.707049331542595,1.052435055094,1.40052059280033,3
419,0.503167671663023,0.504052461163564,0.642079934412238,0.699902724574966,1.05378211971397,1.40526444849156,3
420,0.438612444653371,0.514111827564131,0.663181426693141,0.689850232625831,1.04872408404535,1.40693186953257,3
421,0.404294412902298,0.448914113267342,0.624215019574267,0.706101720959387,1.04664226078193,1.40353019281987,3
422,0.403595716321496,0.429174204012092,0.610802296035227,0.697121508513592,1.05552948470123,1.41190894943423,3
423,0.378580361068336,0.423709461133141,0.616002531238451,0.700002690615268,1.05810581462456,1.412686138374,3
424,0.366951165418656,0.421413024503247,0.623271359396224,0.711035365861174,1.06039320000046,1.42251951088874,3
425,0.366673626629148,0.435170333191878,0.616209923274734,0.705158008796831,1.05358932337203,1.42034735282028,3
426,0.452529677540181,0.486992255809103,0.646579302536005,0.747242303439353,1.08276776192559,1.42166288558785,3
427,0.450503242846419,0.464613231568192,0.632307210346962,0.713893260002395,1.06921197996616,1.41734630801472,3
428,0.485830323724025,0.466636603981026,0.626681583854105,0.702649417897215,1.06278061132619,1.42166710489621,3
429,0.516347417289936,0.492553209440659,0.63150162405255,0.708193104348156,1.0680350811643,1.43537456422946,3
430,0.491937704783454,0.486214432948962,0.638800396147631,0.719625197760421,1.07017594662378,1.43832445735459,3
431,0.43343725177181,0.452242361878611,0.656376896263857,0.745119988957954,1.07936083501234,1.43933587038305,3
432,0.475040531310466,0.459787239396856,0.646258472933583,0.727113099981392,1.0906315202991,1.45696575766616,3
436,0.466515097781708,0.481630443128163,0.666690352369255,0.756229307322357,1.09896087516068,1.42244885387288,3
437,0.470059993002178,0.478027864375722,0.661642024696194,0.757615918383583,1.09739878726869,1.41708723492834,3
438,0.488505854473976,0.511496314678382,0.65732933359424,0.693252273864707,1.06101334048864,1.39550912880244,3
439,0.496232650691276,0.530506451582398,0.640921055558273,0.643368485804469,1.02722128415944,1.38377151969092,3
446,0.380611184520033,0.440900337169012,0.594675149849642,0.636868339440716,1.03412487414596,1.43728843734908,3
447,0.344489709742006,0.43000759722593,0.581238515410102,0.685337328256612,1.07046707440853,1.45138865372875,3
448,0.253868733285052,0.375546336747818,0.580421153042325,0.700404563046833,1.08063942202049,1.45055502234452,3
449,0.26442346281676,0.365270375474631,0.563988075343015,0.682333145188393,1.07135524568616,1.45283121860668,3
450,0.272577038319227,0.346956693631396,0.555810410958295,0.642913129514236,1.04412995816587,1.4493600716906,3
451,0.252993043356327,0.361919454760295,0.574433094531869,0.696615273146492,1.07924230820695,1.44678731618516,3
452,0.249383085958613,0.363889986098236,0.559979392000464,0.683379527431719,1.0723872891609,1.44155703051296,3
453,0.214401168174122,0.346004370316992,0.556506783931806,0.675710069385811,1.06944025320496,1.45487571950148,3
454,0.182182294562622,0.327230508142377,0.55027957784022,0.674921115353751,1.0788209842728,1.4701664188684,3
455,0.157844534042121,0.318624284684151,0.553879473483582,0.682103476751921,1.08657519831328,1.47495227465776,3
461,0.167236058055313,0.240096116932274,0.525199997204364,0.701448388430698,1.10945912758658,1.44926709113212,3
462,0.450151503903573,0.431106506560139,0.587899012507719,0.686507795309751,1.11518284691099,1.42698492534168,3
568,0.282267231225914,0.233864645932585,0.398230318275031,0.453662563086099,0.860259839187554,1.26425835973559,3
752,0.444679282900237,0.430020938389879,0.587140848338706,0.628918107925126,0.91990616589969,1.33766223320816,3
753,0.457352032925738,0.427380297521255,0.576071184358476,0.630050580350956,0.916595957076109,1.33743453012859,3
754,0.46176579082324,0.41292855562937,0.581939782854636,0.627621269682977,0.923300131934077,1.3442583720682,3
755,0.377282857984556,0.378946870782966,0.580237882042149,0.603563401576724,0.915696093489173,1.32304837475695,3
756,0.255788898573358,0.332676217237041,0.540681332522372,0.619513577943965,0.937218942642006,1.32991865050124,3
757,0.156385096753136,0.259386298854822,0.520521952835474,0.592450662099789,0.915742579800943,1.32933395499619,3
758,0.103453839290358,0.196377868794994,0.460307192602721,0.582071617105333,0.930143903177138,1.3799633625351,3
970,0.427135780374172,0.407695181971478,0.577445150729311,0.658900797963807,1.00025526062041,1.42266573096829,3
971,0.251737332516389,0.30891606492668,0.582693558719859,0.676608685388573,1.00387231591137,1.40624749504867,3
972,0.214870913096515,0.283244659002259,0.566995607135367,0.700089285222822,1.00953800823031,1.41523300737279,3
973,0.186385716976842,0.268735457356445,0.566020777654774,0.736610206857712,1.05280179089963,1.42898867725959,3
974,0.135248398982049,0.246438785343326,0.553431383043236,0.73021696336006,1.04057194015703,1.41591789645601,3
975,0.142957698586237,0.241720777816938,0.56491674412182,0.72401596498507,1.03291197107587,1.40695558235829,3
976,0.218355588690476,0.265432473447737,0.577404784643069,0.682532470208552,1.00158615450744,1.3861515152634,3
977,0.225203745613576,0.270765525729945,0.569943474092511,0.666968328989245,0.973067355294167,1.39600364271472,3
978,0.180681505322602,0.261392354543198,0.55742884148055,0.685867257174118,0.988938227016213,1.38400406159124,3
979,0.168573365072651,0.243230211998146,0.546369487635192,0.659524141634943,0.97547775112119,1.37327518423793,3
980,0.136027898519262,0.229295106271625,0.550670760405658,0.653831754779085,0.976829419467487,1.36862345173222,3
981,0.17638023312535,0.255746642955735,0.555126600719386,0.638845740922479,0.977266692676136,1.38111477144388,3
982,0.180592114495582,0.260954374340237,0.554642007150483,0.622030615633296,0.971952478119816,1.38538199214164,3
983,0.174507875183286,0.244736490450165,0.543393514168898,0.609977051544203,0.968097709517957,1.37605344628277,3
984,0.172580701280946,0.252126707978203,0.551518192590438,0.612757966037361,0.967630190152854,1.37173218558627,3
985,0.147151150968253,0.266971829637603,0.571249871289536,0.620387305689072,0.968592179181516,1.37103144890418,3
986,0.110800513404132,0.265490455246313,0.582027377876359,0.626275488280238,0.98781532882086,1.3682353075825,3
987,0.0845575167715697,0.260853127698208,0.569857513118983,0.618139740378541,0.97853881573559,1.36657174956947,3
988,0.0673105658515491,0.245668697279589,0.560278800587294,0.609394061753721,0.971605039377352,1.35982574808804,3
989,0.0489925849858206,0.232755022994106,0.562618409375144,0.62327131910838,0.982560241462853,1.37603565565661,3
990,0.0238081710407048,0.221105710404591,0.558368826770265,0.617512490820004,1.00279703996105,1.38060993093172,3
991,-0.0131134803688286,0.179471574131635,0.512135896115916,0.567314611633444,0.94353174716625,1.33598284087914,3
992,0.00015842813925468,0.195718504874249,0.527847179308069,0.601828842861063,0.989615754855198,1.3708743310378,3
993,0.107566382940676,0.225269344392755,0.511966144944919,0.584530774477851,0.991868266015063,1.41930986944702,3
994,0.0717255943208572,0.214405015382937,0.525373085121215,0.593819670343579,0.995896988211208,1.41744946028716,3
995,0.0506687294634267,0.208444874218777,0.5373631352682,0.603570198215339,0.99795022211248,1.42114733648633,3
996,0.0183939076504483,0.208120535857467,0.512609613600049,0.603413386274879,1.01337025289352,1.39759616520463,3
997,-0.0187697896191457,0.182047226983354,0.495784499840423,0.598455662083632,1.02043998137156,1.3959865002781,3
1020,0.231476599052165,0.303649872484995,0.444647528246888,0.497868492441627,0.948519917898411,1.32867460230586,3
1021,0.265209570314021,0.288494710749266,0.436265210992885,0.507677765347386,0.952363579925883,1.34728788325291,3
1065,0.464959516736589,0.472854035140711,0.622694725545765,0.671065832005807,0.970056820424533,1.36498379965375,3
1071,0.320925934098806,0.379247500515817,0.591975149625744,0.668246996261722,1.00143560756739,1.34976291746063,3
1072,0.220215800978161,0.351760872977165,0.602951866087942,0.68020095276976,1.01423810398737,1.36221192144233,3
1073,0.26372746543512,0.350771566188186,0.591184163256716,0.690221334916787,1.01602281499792,1.36381349168929,3
1074,0.380718304525256,0.406659074301539,0.591384091707724,0.635957315084317,0.979255485716094,1.33560057003207,3
1138,0.56294567517329,0.54772407996081,0.701762400094032,0.732773359770375,1.06875065170963,1.49797722402836,3
1139,0.532371095950779,0.531424450624788,0.695048446301374,0.728715327019725,1.07198191971915,1.49080955721315,3
1140,0.508905551130431,0.498734757305985,0.676319579141302,0.714854915925495,1.05338138011961,1.48623487068119,3
1142,0.4415961347469,0.482393836723728,0.645543034910367,0.673125122034404,1.01446928439295,1.48626202475,3
1143,0.446755339150678,0.456446289660444,0.639891673641808,0.664462065622376,1.01221827172103,1.48850649315875,3
1186,0.373598086899655,0.464056411593197,0.723025064204286,0.685956642766768,0.902030652262411,1.35451098847757,3
1187,0.318696045636583,0.44261919931345,0.704252936863981,0.669262694147227,0.901890425924655,1.35900507572536,3
1188,0.278179736771813,0.405459839741477,0.66667154923471,0.645678721287336,0.910261649424283,1.35162049258414,3
1189,0.261034862834353,0.387058827373994,0.651315380500856,0.629801084521812,0.898599981452138,1.34691913816291,3
1190,0.241865196423552,0.363299619751825,0.648016379842436,0.619916115722788,0.892391673141466,1.34348140884331,3
1191,0.255123114456419,0.36287602515584,0.633138808329042,0.629801089034117,0.908566377115562,1.3919683992402,3
1192,0.341586687007046,0.387323310670174,0.613630056565663,0.622765080671055,0.907774088230638,1.39505059694169,3
1205,0.464317776749395,0.505973733621146,0.711405736421132,0.65099562963041,0.915885419926686,1.3952451332054,3
1206,0.396699085487025,0.478843713736485,0.688178869666833,0.62961493724112,0.906980071012029,1.39731230459257,3
1207,0.363997695066595,0.462864033506529,0.68370283678615,0.627310403314743,0.908247772192539,1.39986521958708,3
1208,0.308024796128254,0.43750613870155,0.68774267740387,0.627428041843457,0.905442301616778,1.40165980157044,3
1209,0.240570108980029,0.402900896802148,0.676178200473944,0.622577765318058,0.904680361242875,1.40166546452599,3
1210,0.217175914139227,0.384468286255913,0.649176336803156,0.598919767343574,0.906055238368218,1.403074379105,3
1211,0.203364978771866,0.35715812434921,0.61931616284433,0.608791068965244,0.931655361743481,1.4051371781231,3
1212,0.217683380639832,0.358834519216411,0.625456875663952,0.617890149618952,0.943438620714557,1.41918681627029,3
1213,0.283418731866665,0.377283088415379,0.624625478949048,0.615796178429881,0.946333907302797,1.42276929431327,3
1214,0.391472530585481,0.389363741348066,0.614947204364223,0.604719686214029,0.947811729148365,1.43060522648316,3
1235,0.285979658669893,0.272340145433203,0.53025978447826,0.569757086605023,0.950861794567764,1.46473259151251,3
1245,0.327533590318909,0.367140041540002,0.567111300372386,0.584912467425628,1.01457106765592,1.48125441287728,3
1283,0.251568709596352,0.335353458393579,0.517580732763935,0.538391407060453,0.817678643215194,1.23881077693346,3
1284,0.178621937094186,0.288526127239631,0.511550064219146,0.54708543011898,0.824943140781956,1.25849052779708,3
1285,0.190505670355164,0.278454352869459,0.500199576054455,0.542790207946468,0.832611576451028,1.27108595582811,3
1286,0.183263040998667,0.278438835594992,0.50484247382402,0.55486343543803,0.851745505390037,1.29157805273557,3
1287,0.137116622939464,0.254403857801125,0.488697069051961,0.545352076899162,0.846685664512528,1.28798447482306,3
1288,0.0740492088787948,0.227514980454645,0.476651665637506,0.538518374857626,0.839621526281742,1.29397721956402,3
1289,0.0473749781880705,0.217274001073956,0.474585654691558,0.537925341081139,0.837967044964451,1.30294153563515,3
1290,0.114154783462742,0.244022508015439,0.471306404457818,0.54436096239142,0.840172385793804,1.29963713329173,3
1299,0.261838801135829,0.380368171115599,0.551286342209023,0.550220690351461,0.889471762994314,1.38899922102846,3
1300,0.175624689455349,0.350910728100863,0.549558670589606,0.550622855777824,0.888885470975349,1.37523552111386,3
1301,0.126039657724793,0.309063826702945,0.532003551355016,0.556844789486953,0.962006268506428,1.43731386059234,3
1302,0.121291746686448,0.306742358276768,0.534350792658747,0.557392576100689,0.97126458105375,1.44140707203472,3
1303,0.103466707145317,0.303925404914218,0.537038565927831,0.556197227668259,0.971400956932319,1.45107860625457,3
1304,0.101180927279069,0.300079927166237,0.545219252408515,0.564318037132088,0.969875446903453,1.4505194541701,3
1388,0.216723045908103,0.256475246454707,0.509486883748959,0.536633965917578,0.897845796664562,1.39240923424303,3
1389,0.112305062105448,0.189491054639278,0.469141722978849,0.511010436245016,0.882824277843258,1.38649875630175,3
1577,0.194949300211584,0.214542676726716,0.43086052206173,0.462083025968838,0.856893450001965,1.33006605597248,3
1578,0.164443820590132,0.208650925816617,0.422020101377065,0.488650959162118,0.86744123753448,1.33614998582404,3
1579,0.188666289930846,0.199417393529181,0.396601236547921,0.485476249820027,0.871594312066018,1.3424329990772,3
1641,0.323590896116826,0.295505267879275,0.484445840307479,0.531192250548242,0.841059688730036,1.30038983446866,3
1642,0.274320668225815,0.263322871182389,0.491763860820767,0.528042407691065,0.846060424323358,1.32026221257932,3
1643,0.229043367278436,0.240785962526168,0.488555416523733,0.537008541591814,0.857074894912549,1.32115607687073,3
1644,0.179960885103394,0.206272727859798,0.456035441316605,0.513445487087696,0.851504575001524,1.32235421967303,3
1645,0.1483851687808,0.187124704743753,0.445100900373664,0.5203669122062,0.856421634168289,1.31873633378017,3
1646,0.0916065678859314,0.140874704201195,0.393950107153781,0.50142695462182,0.857971559622799,1.31670494859868,3
1647,0.0803196292157001,0.111447832294696,0.377983523570334,0.480919102213691,0.848622819686566,1.31154736576629,3
1650,-0.0185666123135482,0.00942332228617674,0.282250719319396,0.375985610971973,0.76329208712036,1.20834088489504,3
1720,0.227711842179067,0.262680043767412,0.441438793856987,0.500715390262473,0.887270936778726,1.35162722912884,3
1721,0.0555522990784174,0.144599123763059,0.397086225616692,0.51269147886753,0.889904558085047,1.34592489930762,3
1865,0.188897562093911,0.28253733769367,0.491576315288636,0.538190441811567,0.790710326576906,1.12584588939622,3
2184,0.43426460423816,0.433870894109204,0.633992061504025,0.649562889474634,0.949966997975995,1.34015051136884,3
2185,0.386023846793336,0.410889271150339,0.620903117112812,0.647800681383341,0.946138315956488,1.33751740736562,3
2186,0.428558174608209,0.428158051620206,0.61680397692801,0.661540262746554,0.952882436028085,1.34035184350528,3
2187,0.415050213286024,0.42398285766795,0.618157486216236,0.650799032106205,0.95206938634849,1.34524318587791,3
2188,0.40086833139565,0.42027714210884,0.629065170428722,0.648485795647753,0.947292288805164,1.34484439363563,3
2189,0.362939101845467,0.408859473938803,0.628183980513004,0.65089892929349,0.946106093022539,1.34093294145824,3
2190,0.346596048939139,0.400461414102221,0.613845994971105,0.64005124867741,0.946116375623849,1.34320185155261,3
2191,0.403667173778719,0.388794373748123,0.583409083788204,0.631855790480047,0.947149056710685,1.34624422165939,3
2198,0.369207153688162,0.408234980562026,0.5916022718352,0.639236207573021,0.942843198590656,1.34568921323239,3
2199,0.341146758882582,0.390107109246426,0.603532346313566,0.649565585365847,0.947277033421646,1.35048135850461,3
2200,0.459445419665342,0.430316413222486,0.611936496008832,0.643691526465736,0.939898476161789,1.35396039143536,3
2418,0.624575498758578,0.645271110276838,0.829760032675711,0.84970837112358,1.21802931438091,1.66559861931752,3
2419,0.566100583795604,0.641769532932138,0.840526004885659,0.848818654181157,1.20768985386215,1.66781166591664,3
2420,0.54824200206267,0.627980508741642,0.834774817706652,0.838339011396051,1.19547795236379,1.66389045783855,3
2421,0.516465947884741,0.600234505246721,0.812257720374239,0.830581106404398,1.18077391885201,1.66079753410602,3
2422,0.433274407540576,0.557008837512541,0.803886432773129,0.82233582553146,1.17100068528225,1.65784302242758,3
2423,0.418754731463113,0.540581856570448,0.794131221210402,0.814662942053579,1.17428933860417,1.6550262289412,3
2424,0.388323976725545,0.527422871538267,0.797899361739721,0.824416497461253,1.18729350458698,1.65563382339087,3
2425,0.307435954300744,0.509642293914859,0.794713091630153,0.837124558573609,1.21138540820389,1.66805320454837,3
2426,0.475089087603152,0.58343890876177,0.810985223144353,0.84607423546134,1.25623962310099,1.68706440073897,3
2505,0.569125175015649,0.613777791920914,0.810115997745694,0.797814645770578,1.21214705623326,1.64066551313701,3
2506,0.463093901460245,0.550968533131919,0.770831826312372,0.821631845877711,1.20534155554071,1.60063761989222,3
2507,0.456878790121618,0.552821927821694,0.784087286617772,0.817624986183528,1.1432032767566,1.54839857874779,3
2508,0.415834827929111,0.508112634628185,0.758329357418863,0.826816967048707,1.18401349617392,1.56962295630473,3
2618,0.699139670434528,0.72255348520154,0.888210319821007,0.868876128862687,1.19749423610043,1.54388999416836,3
2619,0.693104759330655,0.717730936192506,0.887968676873864,0.866109217012588,1.20251004346909,1.5559218285051,3
2621,0.674108987669109,0.708629713246907,0.888554092729085,0.873268711485221,1.20554387830564,1.55656714161095,3
2622,0.684445025641084,0.710144359132016,0.893964282348681,0.864642375747773,1.19908895932105,1.55210624123997,3
2623,0.713001991470007,0.721855784528168,0.894906208434106,0.86570978944087,1.20111924700388,1.55006557879829,3
2624,0.685222244546619,0.713792654960764,0.913272230989225,0.860375303798641,1.20124990037014,1.55644589572337,3
2625,0.636629609928535,0.699507929099503,0.888977946584254,0.838978766473077,1.17263234879258,1.53977804244876,3
2629,0.458981663897081,0.933535613882113,0.843495474869556,0.814164291036458,1.13483773052995,1.54198288219053,3
2630,0.491650875737076,0.635570226680662,0.860421078737018,0.84670460116696,1.19357214571412,1.57974408099948,3
2631,0.394808036315838,0.564045989748963,0.801821185399659,0.783853177193402,1.11562447480812,1.55869288787011,3
2632,0.307267323616128,0.486832594949738,0.770950870731602,0.804866377943275,1.17601180580832,1.58182178911003,3
2633,0.379531506865293,0.503731234477339,0.773772346514977,0.85176227206946,1.19349865396648,1.59665121103739,3
2634,0.381393160294205,0.497202978610064,0.7692301598153,0.847776735138083,1.18182322422003,1.60195700379055,3
2635,0.354621920636935,0.492634984385646,0.778941971429361,0.848832480411192,1.19092039888557,1.60515939056272,3
2636,0.320231528717864,0.461658898791336,0.761771053966965,0.870139589865776,1.20513355078113,1.61603396716208,3
2637,0.343653194940633,0.42899533715487,0.770040131073169,0.867747575703093,1.22905819834631,1.62500145484383,3
2638,0.380383011973932,0.438089591340496,0.782963620469875,0.83151916425256,1.22388537122689,1.63125738842941,3
2639,0.376166599206046,0.449917403907014,0.78881310379263,0.840266921365375,1.24473154785013,1.64869047866685,3
2640,0.389975807142383,0.454885961035178,0.769689335236597,0.853555260450623,1.24063665211729,1.65102501206614,3
2645,0.561975273702283,0.64312989690971,0.860353749291732,0.883473542610552,1.16269649391787,1.56700733021314,3
2646,0.469830552014396,0.569114328945459,0.816659630746369,0.912825360974517,1.22340033284164,1.61296060215163,3
2647,0.492381786714533,0.580052766001931,0.818554202343529,0.907464947886619,1.21465684967054,1.61342558113071,3
2648,0.502401702523529,0.595988167215156,0.822026349212941,0.906558007605874,1.20709312120224,1.60822216146037,3
2649,0.516924138847366,0.594851232612904,0.824728370257946,0.913292733176006,1.22131828056063,1.61176032827188,3
2650,0.504827372438932,0.587826318441702,0.825017627151539,0.921684222216211,1.23872657200644,1.60908097062131,3
2651,0.507079817927986,0.578110447816544,0.814927877182456,0.944616877699373,1.2538369117919,1.60434828088569,3
2652,0.507079817927986,0.624066310755174,0.779066333188818,0.921621616639168,1.25956238589459,1.62604601274372,3
2653,0.507079817927986,0.674235491824756,0.767877627582433,0.892969732501515,1.2390789809687,1.61646331016542,3
2654,0.507079817927986,0.670313316745993,0.765524670833917,0.77671097618054,1.21360902972356,1.6149863605509,3
2655,0.47923763442882,0.629199236368921,0.758676575073773,0.882970557236188,1.23777724247424,1.6089328277556,3
2656,0.487473398765804,0.622409622566778,0.7753207444027,0.879853126725741,1.24866606760561,1.64589720168044,3
2657,0.504113500668432,0.631935197314718,0.794892343732351,0.847454033045341,1.21919680645584,1.64780372475682,3
2658,0.505245744863407,0.618763145453078,0.8080896082258,0.861278483570133,1.23109746938911,1.60481354966154,3
2659,0.450562537340878,0.574827113572367,0.830691436433279,0.889035923327199,1.2465846017494,1.61615785526342,3
2660,0.715410586770176,0.719176855856858,0.848404836744316,0.912204165978271,1.24442535137571,1.58677848606888,3
3149,0.45659893158292,0.444635488691795,0.602063750806179,0.603828811399868,0.933710313391974,1.31136635140922,3
3151,0.321779437121422,0.374531922584127,0.584405409184379,0.600586180224348,0.960525735734449,1.31913917140425,3
3152,0.207330811780682,0.311596467270433,0.570527998726509,0.626998088749766,0.962387365033181,1.33421881488983,3
3153,0.15503532901495,0.269491555121778,0.514495503575706,0.594362688833616,0.969535517846987,1.34361146955099,3
3154,0.203392572549128,0.2707770170479,0.516245819831594,0.58753103193642,0.934768329723057,1.32034147033628,3
3155,0.224591243186236,0.280966438357707,0.517524275188426,0.577960203105551,0.927966838963178,1.30215557346048,3
3156,0.310576156442968,0.325464865380097,0.52127976113377,0.586316498393526,0.915364214905303,1.28905447923356,3
3157,0.323323514090967,0.343003750420945,0.527661986392657,0.587703708810674,0.906157047506142,1.26067629900755,3
3158,0.372888091979794,0.377743821761446,0.522321522570495,0.582754560746897,0.892286068365822,1.21734603762066,3
3161,0.399629134340286,0.402163752839007,0.556034977862419,0.553541701761924,0.885968157327968,1.26829052465749,3
3162,0.331658687711697,0.371413734398248,0.556847918647525,0.578118341359587,0.91736440266102,1.26658609616481,3
3163,0.379111353384458,0.380339103003951,0.543717631171243,0.58608971048262,0.931128785120621,1.2894707370731,3
3170,0.377154209108946,0.36007693695779,0.546706819261267,0.580084215775377,0.923267541558096,1.35249932717849,3
3171,0.276332361622692,0.337502964694154,0.558003890270151,0.580117893186806,0.922052536935122,1.33253478513808,3
3172,0.363752686197609,0.362945873631497,0.557269876785922,0.581396722474623,0.916261723621296,1.35375487879046,3
3308,0.354469458854966,0.355300431370474,0.539444064748252,0.537719696393918,0.870899357733399,1.33038971658283,3
3464,0.184788550026502,0.262908711277343,0.468890909584886,0.478874334644341,0.850082451815403,1.35248182831529,3
3465,0.102833659164169,0.20081991399,0.461094947759023,0.492649833386312,0.872990889039096,1.36050564392652,3
3466,0.0409734366619693,0.167275455493875,0.440508621326166,0.48853265028079,0.872284934263501,1.35774918428398,3
3942,0.278138374837444,0.333415711656385,0.521722761190896,0.54495886256511,0.895334866249024,1.36940993807498,3
3943,0.269007642624819,0.316429524955665,0.5444392955763,0.561084875902432,0.910210747544437,1.35519828648162,3
4241,0.381487014018499,0.399537705708828,0.564014295553756,0.628101656623982,0.986533775311419,1.46759332977762,3
4485,0.167865381717219,0.216226713019396,0.405609209119089,0.458772868220822,0.818074461087387,1.33844067152551,3
